id,domanda,risposta,categoria,stile
1,Quali sono le condizioni richieste per la registrazione di un sindacato a San Marino secondo la Legge 7/1961?,"Ai sensi dell'art. 2 della Legge 7/1961, per la registrazione presso il Tribunale Commissariale è richiesto il deposito dell'atto costitutivo, dello statuto, dell'elenco delle cariche sociali e il rispetto dei requisiti numerici minimi.",Lavoro,Formale
2,Quanti articoli compongono la Legge 7/1961 sulla tutela del lavoro?,La Legge 17 febbraio 1961 n. 7 è strutturata in 8 Titoli e contiene complessivamente 60 articoli.,Lavoro,Quantitativo
3,I contratti collettivi a San Marino valgono per tutti i lavoratori anche non iscritti al sindacato?,"Sì, l'art. 9 della Legge 7/1961 sancisce l'efficacia erga omnes dei contratti collettivi di lavoro stipulati dalle organizzazioni sindacali registrate, applicandosi a tutti i datori e prestatori di lavoro della categoria.",Lavoro,Colloquiale
4,Cosa prevede l'art. 24 della Legge 7/1961 per le lavoratrici madri che rientrano dopo il parto?,"L'art. 24 della Legge 7/1961 garantisce alle lavoratrici madri, nei due mesi successivi al rientro, il diritto a permessi retribuiti di due ore giornaliere discontinue per l'allattamento.",Lavoro,Puntuale
5,Come funziona lo smart working nella Repubblica di San Marino?,"Il lavoro agile/smart working è disciplinato dalla Legge 202/2020 (e succ. mod.), che richiede accordo scritto individuale, parità di trattamento economico e normativo, e definisce orari di disconnessione e sicurezza.",Lavoro,Concettuale
6,Quali sono i doveri di fedeltà e concorrenza del dipendente secondo la Legge 7/1961?,"L'art. 28 della Legge 7/1961 impone al lavoratore diligenza, obbedienza gerarchica, divieto di trattare affari in concorrenza con il datore e divieto di divulgare metodi di produzione o notizie aziendali.",Lavoro,Formale
7,Che ruolo ha la Commissione permanente conciliativa nel lavoro sammarinese?,L'art. 6 della Legge 7/1961 istituisce la Commissione permanente conciliativa con il compito di comporre in via bonaria le controversie individuali e collettive di lavoro prima del ricorso al Magistrato del Lavoro.,Lavoro,Istituzionale
8,L. 7/1961 art 33 recesso preavviso indennita,"L'art. 33 della Legge 7/1961 disciplina il recesso dal contratto a tempo indeterminato, subordinandolo a previa disdetta (preavviso) o corrispondente indennità secondo la Tabella C allegata alla legge.",Lavoro,Sintetico/Keyword
9,Posso assumere un dipendente a San Marino senza passare per l'Ufficio del Lavoro?,"No, ai sensi dell'art. 42 della Legge 7/1961 (e succ. mod.), vige l'obbligo generale di assunzione tramite l'Ufficio di Collocamento/Ufficio del Lavoro, salvo le eccezioni e le chiamate nominative consentite dalla legge.",Lavoro,Colloquiale
10,Quali sanzioni rischia l'azienda che non registra i dati sul libretto di lavoro?,L'art. 49 della Legge 7/1961 sanziona l'omessa o inesatta registrazione dei dati obbligatori nel libretto di lavoro con ammenda per ciascun libretto non regolare.,Lavoro,Sanzionatorio
11,Come viene calcolata l'indennità di anzianità in caso di cessazione del rapporto di lavoro operaio nella legge del 1961?,"La misura dell'indennità di anzianità per gli operai è determinata dalla Tabella D allegata alla Legge 7/1961, calcolata in giorni/ore di retribuzione per anno di servizio maturato.",Lavoro,Puntuale
12,Chi risolve le controversie sull'iscrizione delle imprese all'Ispettorato del Lavoro?,"Ai sensi dell'art. 55 della Legge 7/1961, le controversie sull'obbligo di iscrizione o sulla categoria di appartenenza dell'impresa sono decise su ricorso dal Magistrato del Lavoro.",Lavoro,Giurisdizionale
13,Qual è il limite massimo ordinario dell'orario settimanale di lavoro a San Marino?,L'orario di lavoro è regolato dalla normativa contrattuale collettiva e dall'art. 16 della Legge 7/1961 (fissato storicamente a 8 ore giornaliere e 40 ore settimanali salvo deroghe autorizzate).,Lavoro,Formale
14,Esistono categorie di lavoratori escluse dalle limitazioni dell'orario di lavoro?,"Sì, la Tabella A allegata alla Legge 7/1961 elenca le categorie a cui non si applicano le limitazioni massime di orario (es. familiari conviventi a carico, personale con mansioni discontinue o di custodia).",Lavoro,Puntuale
15,Come è punito il lavoratore che lavora senza essere iscritto alle liste di collocamento?,L'art. 46 della Legge 7/1961 punisce il prestatore di lavoro che assume impiego al di fuori del tramite dell'ufficio con una sanzione di ammenda destinata al fondo previdenziale.,Lavoro,Sanzionatorio
16,Qual è la disciplina delle ferie annuali retribuite nell'ordinamento sammarinese?,"Il diritto alle ferie annuali retribuite è sancito dai contratti collettivi erga omnes e dalla Legge 7/1961 (art. 21 e segg.), con un minimo inderogabile garantito per legge.",Lavoro,Concettuale
17,"In caso di cessione d'azienda, cosa succede ai diritti dei dipendenti maturati con la precedente gestione?","Ai sensi dell'art. 37 della Legge 7/1961, l'azienda cessionaria che subentra è tenuta all'osservanza degli obblighi e al mantenimento dei diritti maturati dal personale qualora non liquidati dal cedente.",Lavoro,Formale
18,Cosa succede se un datore di lavoro applica un trattamento peggiorativo rispetto al contratto collettivo?,"Le clausole individuali difformi e peggiorative rispetto al contratto collettivo erga omnes sono nulle di diritto e sostituite automaticamente dalle disposizioni del contratto collettivo (L. 7/1961, art. 10).",Lavoro,Colloquiale
19,Quali sono le funzioni dell'Ispettorato del Lavoro a San Marino?,"Il Titolo VIII della Legge 7/1961 (artt. 57-60) attribuisce all'Ispettorato del Lavoro compiti di vigilanza sull'applicazione delle leggi sul lavoro, previdenza, prevenzione infortuni e igiene nei luoghi di lavoro.",Lavoro,Istituzionale
20,Come viene nominato il Magistrato del Lavoro nella Repubblica di San Marino?,Il Magistrato del Lavoro è nominato secondo le norme dell'Ordinamento Giudiziario (Legge Qualificata 1/2021) ed è competente in via esclusiva sulle controversie di lavoro e previdenza.,Lavoro,Giurisdizionale
21,Cosa prevede la normativa sammarinese in materia di lavoro straordinario e maggiorazioni retributive?,"Il lavoro straordinario è disciplinato dalla Legge 7/1961 e dagli accordi collettivi di settore, che impongono limiti massimi e maggiorazioni percentuali fisse sulla paga oraria base.",Lavoro,Formale
22,Un dipendente può rinunciare ai diritti derivanti dal contratto collettivo o dalla legge?,"No, le rinunce e le transazioni aventi ad oggetto diritti inderogabili del lavoratore derivanti dalla legge o da contratti collettivi non sono valide se non sottoscritte in sede protetta conciliativa.",Lavoro,Colloquiale
23,Come viene gestita la tutela della salute e sicurezza sui luoghi di lavoro a San Marino?,"La tutela è disciplinata dalla Legge 31/1998 (e succ. mod. in materia di sicurezza sul lavoro), con obblighi di valutazione rischi, nomina del RSPP e visite mediche periodiche.",Lavoro,Concettuale
24,Quali sono i termini di preavviso per il personale impiegatizio stabiliti dalla Tabella C della Legge 7/1961?,"La Tabella C allegata alla Legge 7/1961 stabilisce per gli impiegati un preavviso crescente per scaglioni di anzianità: da 1 mese fino a 3 anni, 1 mese e mezzo fino a 6 anni, 2 mesi fino a 10 anni e 3 mesi oltre i 10 anni.",Lavoro,Puntuale
25,È obbligatoria l'iscrizione delle imprese all'Ispettorato del Lavoro?,"Sì, l'art. 52 della Legge 7/1961 impone a tutte le imprese industriali, commerciali, artigianali e di servizi l'obbligo di iscrizione presso l'Ispettorato del Lavoro all'inizio dell'attività.",Lavoro,Formale
26,Cosa prevede la legge per le violazioni alle condizioni di lavoro del Titolo IV della Legge 7/1961?,"L'art. 32 della Legge 7/1961 prevede sanzioni di ammenda per le violazioni delle disposizioni sull'igiene, orari, riposi e disciplina del lavoro.",Lavoro,Sanzionatorio
27,Come è tutelata la lavoratrice in gravidanza contro il licenziamento illegittimo a San Marino?,"La legge vieta il licenziamento della lavoratrice dall'inizio della gestazione fino al compimento del periodo di astensione obbligatoria e puerperio, salvo giusta causa di cessazione dell'attività.",Lavoro,Colloquiale
28,Quali sono le competenze della Commissione per il Lavoro in materia di avviamento e graduatorie?,"La Commissione per il Lavoro sovrintende alla tenuta delle liste di avviamento al lavoro, ai criteri di precedenza per i residenti e all'approvazione delle richieste nominative speciali.",Lavoro,Istituzionale
29,Come viene retribuito il lavoro prestato nei giorni festivi infrasettimanali a San Marino?,Il lavoro festivo è compensato con la retribuzione ordinaria maggiorata della percentuale prevista dai contratti collettivi di settore per festività lavorate.,Lavoro,Formale
30,Che cos'è la Cassa Integrazione Guadagni (CIG) e quando può essere richiesta dalle aziende sammarinesi?,"La CIG è disciplinata dalla Legge 73/2010 (e succ. mod.) ed interviene per sospensioni temporanee dell'attività produttiva dovute a crisi di mercato, eventi meteorologici o ristrutturazioni.",Lavoro,Concettuale
31,Lavoro intermittente e lavoro a chiamata sono ammessi a San Marino?,"L'ordinamento sammarinese ammette forme di lavoro a tempo determinato e stagionale regolate rigorosamente dai contratti collettivi e dalla legge sull'occupazione, limitando le forme atipiche.",Lavoro,Colloquiale
32,Cosa prevede la normativa sul diritto di sciopero nella Repubblica di San Marino?,"Il diritto di sciopero è riconosciuto dall'art. 8 della Dichiarazione dei Diritti (L. 59/1974) e dalla Legge 7/1961, con obbligo di garantire i servizi pubblici essenziali.",Lavoro,Costituzionale
33,Quali adempimenti ha l'imprenditore estero che invia lavoratori in distacco temporaneo a San Marino?,"L'impresa estera deve comunicare preventivamente il distacco all'Ispettorato del Lavoro e all'Ufficio del Lavoro, garantendo il rispetto dei trattamenti minimi retributivi e contributivi vigenti in RSM.",Lavoro,Formale
34,In quale articolo della Legge 7/1961 è definita la nozione di sindacato e il requisito numerico?,La nozione di associazione sindacale e i requisiti numerici minimi per la costituzione e validità sono definiti all'art. 4 della Legge 7/1961.,Lavoro,Puntuale
35,Cosa succede in caso di revoca della registrazione di un'associazione sindacale?,L'art. 5 della Legge 7/1961 stabilisce che la revoca della registrazione comporta la perdita della personalità giuridica e dell'efficacia erga omnes dei contratti da essa stipulati.,Lavoro,Formale
36,Chi autentica e deposita i contratti collettivi di lavoro nella Repubblica?,I contratti collettivi stipulati tra le parti devono essere depositati presso la Segreteria di Stato per il Lavoro / Tribunale per acquisire efficacia generale ai sensi dell'art. 9 della L. 7/1961.,Lavoro,Istituzionale
37,Qual è il periodo di prova massimo stabilito per gli operai a San Marino?,La durata massima del patto di prova è stabilita dai singoli contratti collettivi di categoria (generalmente da 2 settimane a 1 mese per gli operai e fino a 3-6 mesi per impiegati e quadri).,Lavoro,Puntuale
38,Quali sono le maggioranze richieste per proclamare un'assemblea sindacale retribuita in azienda?,"Le assemblee sindacali durante l'orario di lavoro sono regolate dagli accordi interconfederali e dalla legge, con diritto a un monte ore annuo retribuito per ciascun lavoratore.",Lavoro,Sindacale
39,La retribuzione giornaliera per gli impiegati si divide per quale divisore contrattuale nella legge 1961?,"Come specificato in calce alla Legge 7/1961, per ricavare la retribuzione giornaliera del personale impiegatizio pagato mensilmente si divide lo stipendio mensile per ventisei (26).",Lavoro,Puntuale
40,Quali sanzioni penali o amministrative rischia chi impiega lavoratori non denunciati (lavoro nero)?,"L'impiego di lavoratori irregolari comporta pesanti sanzioni pecuniarie amministrative da parte dell'Ispettorato del Lavoro, la sospensione della licenza d'esercizio in caso di recidiva e il recupero dei contributi evasi.",Lavoro,Sanzionatorio
41,Quali sono le soglie di tasso alcolemico e le relative sanzioni per guida in stato di ebbrezza a San Marino?,"Ai sensi del Decreto Delegato 81/2008 e delle modifiche del DD 53/2026 (e DD 111/2024), la soglia di tolleranza è 0,50 g/l. Tra 0,50 e 0,80 g/l si applica sanzione pecuniaria e sospensione patente; sopra 0,80 g/l scattano le sanzioni penali aggravate con arresto e sospensione patente estesa.",Strada,Formale
42,Se ho la patente da meno di 3 anni posso bere prima di guidare a San Marino?,"No, per i neopatentati (primi 3 anni) e per i conducenti minori di 21 anni vige il principio di tolleranza zero: qualsiasi tasso alcolemico superiore a 0,0 g/l costituisce infrazione sanzionata con sospensione patente.",Strada,Colloquiale
43,Qual è la sanzione vigente per la circolazione con veicolo non sottoposto a revisione periodica?,"Ai sensi del Codice della Strada (DD 81/2008 e succ. tabelle sanzioni DD 111/2024), la circolazione con revisione scaduta comporta una sanzione amministrativa pecuniaria di seconda categoria e il divieto di circolazione fino a revisione effettuata.",Strada,Sanzionatorio
44,Come funziona il sistema della patente a punti nella Repubblica di San Marino?,"Istituita con la Legge 51/2008 e regolata dal DD 81/2008, ogni patente ha una dotazione iniziale di 20 punti. Le violazioni gravi comportano decurtazioni da 1 a 10 punti; all'esaurimento dei punti scatta la revisione obbligatoria della patente.",Strada,Concettuale
45,Cosa rischia chi usa il cellulare alla guida senza vivavoce a San Marino?,L'uso di apparecchi radiotelefonici o smartphone durante la guida senza vivavoce o auricolare è vietato dall'art. 44 del DD 81/2008 e punito con sanzione pecuniaria e decurtazione di 5 punti dalla patente.,Strada,Colloquiale
46,Quali sono i limiti di velocità generali nel territorio della Repubblica di San Marino?,"Salvo diversa segnalazione, i limiti generali sono: 50 km/h nei centri abitati, 70 o 90 km/h sulle strade extraurbane e sulla Superstrada di San Marino a seconda dei tratti segnalati.",Strada,Formale
47,Come viene sanzionata la guida senza assicurazione RCA obbligatoria?,"La circolazione senza copertura assicurativa RCA comporta il sequestro immediato del veicolo e una sanzione amministrativa pecuniaria di categoria elevata (DD 81/2008, art. 53 e succ. mod.).",Strada,Sanzionatorio
48,Un cittadino residente a San Marino può guidare un'auto con targa italiana?,"Ai sensi della normativa doganale e stradale sammarinese, i residenti a San Marino non possono condurre veicoli immatricolati all'estero salvo specifiche eccezioni (es. noleggio a breve termine, comodato d'uso registrato da impresa estera).",Strada,Colloquiale
49,Quali sanzioni comporta il superamento dei limiti di velocità di oltre 40 km/h a San Marino?,"Il superamento del limite oltre 40 km/h comporta una sanzione pecuniaria di terza categoria, la decurtazione di 10 punti dalla patente e la sospensione della patente di guida da 1 a 3 mesi.",Strada,Sanzionatorio
50,DD 81/2008 art 60 guida ebbrezza sanzioni,"L'art. 60 del Decreto Delegato 81/2008 disciplina la guida sotto l'influenza dell'alcol, stabilendo i rilievi etilometrici, le fasce di gravità e le sanzioni amministrative e accessorie.",Strada,Sintetico/Keyword
51,Qual è la disciplina dell'uso delle cinture di sicurezza a San Marino?,"L'uso delle cinture di sicurezza è obbligatorio per il conducente e per tutti i passeggeri dei veicoli muniti di attacchi (DD 81/2008, art. 45); l'omesso uso comporta sanzione pecuniaria e decurtazione punti.",Strada,Formale
52,Come sono regolati i seggiolini per bambini e i sistemi di ritenuta per minori a bordo?,"I minori di statura inferiore a 1,50 m devono essere assicurati con sistemi di ritenuta omologati adeguati al loro peso, secondo le prescrizioni del Codice della Strada (DD 81/2008 e normative europee recepite).",Strada,Concettuale
53,Cosa succede in caso di rifiuto di sottoporsi all'alcoltest da parte delle forze di polizia?,"Il rifiuto di sottoporsi all'accertamento del tasso alcolemico è equiparato alla violazione più grave (ebbrezza di terzo grado), con applicazione immediata delle sanzioni penali, sequestro del veicolo e sospensione della patente.",Strada,Sanzionatorio
54,"Quali sono le dotazioni obbligatorie da tenere a bordo del veicolo (es. triangolo, giubbotto catarifrangente)?",I veicoli in circolazione a San Marino devono avere a bordo il segnale mobile di pericolo (triangolo omologato) e il giubbotto retroriflettente ad alta visibilità da indossare in caso di fermata di emergenza.,Strada,Colloquiale
55,Quando è obbligatorio l'uso dei pneumatici invernali o catene a bordo a San Marino?,Dal 15 novembre al 15 aprile di ogni anno vige l'obbligo di circolare con pneumatici invernali idonei alla marcia su neve/ghiaccio (M+S) o di avere a bordo catene da neve omologate.,Strada,Formale
56,Come si rinnova la patente di guida categoria B a San Marino?,"La patente B ha validità di 10 anni fino ai 50 anni d'età, poi 5 anni fino a 70 anni e 3 anni successivamente; il rinnovo richiede visita medica presso il Servizio di Igiene dell'ISS e rilascio del certificato di idoneità.",Strada,Procedurale
57,Cosa prevede il Codice della Strada sammarinese in caso di incidente stradale con soli danni a cose?,"I conducenti devono fermarsi, evitare intralci alla circolazione, scambiarsi i dati identificativi e assicurativi (modulo CAI) e, in caso di disaccordo, richiedere l'intervento della Polizia Civile o Gendarmeria.",Strada,Formale
58,Quali sanzioni scattano per l'omissione di soccorso in caso di incidente con feriti a San Marino?,"L'omissione di soccorso è reato grave punito dal Codice Penale con prigionia e arresto, oltre alla revoca immediata della patente di guida e al sequestro del veicolo.",Strada,Penale/Sanzionatorio
59,Come sono disciplinati i monopattini elettrici e i mezzi di micromobilità a San Marino?,"I monopattini elettrici sono regolati dai decreti delegati sulla mobilità sostenibile: limite di 25 km/h su strada e 6 km/h nelle aree pedonali, età minima di 14 anni, obbligo di casco per minori e luci anteriori/posteriori.",Strada,Concettuale
60,È consentito il sorpasso in prossimità dei dossi o curve a visibilità ridotta?,"No, l'art. 38 del DD 81/2008 vieta tassativamente il sorpasso sui dossi, nelle curve a visibilità ridotta, in prossimità degli incroci e dei passaggi pedonali.",Strada,Formale
61,Qual è la sanzione per il passaggio con luce semaforica rossa?,Il passaggio con semaforo rosso o con agente del traffico che intima l'alt comporta sanzione pecuniaria di seconda categoria e la decurtazione di 6 punti dalla patente (DD 81/2008 e succ. mod.).,Strada,Sanzionatorio
62,Come funziona la sospensione della patente per guida contromano in curva o su strada a carreggiate separate?,"La circolazione contromano in curve, dossi o carreggiate separate è violazione gravissima punita con sospensione della patente da 1 a 3 mesi e decurtazione di 10 punti.",Strada,Formale
63,Chi effettua i controlli sulla revisione dei veicoli a San Marino?,Le revisioni periodiche sono svolte dal Centro Tecnico del Dipartimento Trasporti (Ufficio Registro Automezzi) o da officine private autorizzate e convenzionate.,Strada,Istituzionale
64,Quali sono le regole per il trasporto di animali domestici a bordo dei veicoli?,"Gli animali devono essere custoditi in gabbia o nel vano posteriore diviso da rete o apposita paratia, in modo da non costituire pericolo o intralcio per la guida (DD 81/2008).",Strada,Colloquiale
65,Cosa prevede la normativa sammarinese per la guida sotto effetto di sostanze stupefacenti?,"La guida in stato di alterazione psico-fisica per uso di droghe o psicofarmaci costituisce reato penale (DD 81/2008, art. 61), con arresto, sequestro del veicolo e sospensione patente da 1 a 2 anni.",Strada,Penale
66,A che età si può conseguire il foglio rosa per la patente B a San Marino?,"Il foglio rosa per la patente B può essere rilasciato al compimento del 18° anno d'età, previo superamento dell'esame di teoria presso l'Ufficio Registro Automezzi.",Strada,Procedurale
67,Come viene punito chi circola con patente scaduta di validità?,La guida con patente scaduta comporta il ritiro immediato del documento di guida da parte delle forze dell'ordine e una sanzione pecuniaria amministrativa.,Strada,Sanzionatorio
68,Quali sono i limiti sonori e le sanzioni per l'alterazione dello scarico o marmitta rumorosa?,La circolazione con dispositivo silenziatore inefficiente o alterato è sanzionata con multa e l'obbligo di sottoporre il veicolo a visita straordinaria di collaudo.,Strada,Colloquiale
69,Quali regole valgono per la sosta negli spazi riservati ai disabili a San Marino?,La sosta negli spazi riservati ai disabili è consentita solo esponendo il contrassegno speciale invalidi europeo; l'occupazione abusiva comporta sanzione pecuniaria raddoppiata e rimozione forzata del veicolo.,Strada,Formale
70,Come funziona la targa prova nella Repubblica di San Marino?,"La targa prova è rilasciata dall'Ufficio Registro Automezzi a officine, concessionari e costruttori; deve essere utilizzata esclusivamente per prove tecniche o dimostrative con a bordo il titolare dell'autorizzazione.",Strada,Amministrativo
71,"Qual è il limite di tasso alcolemico per i conducenti di mezzi pesanti, autobus e NCC a San Marino?","Per i conducenti professionali (C, D, E, taxi, NCC, trasporto merci e persone) il limite è pari a 0,0 g/l (tolleranza zero assoluta).",Strada,Puntuale
72,Quali sono i corpi di polizia abilitati al controllo del traffico e alla contestazione delle multe a San Marino?,"I corpi abilitati sono il Corpo di Polizia Civile, il Corpo della Gendarmeria e il Nucleo Uniformato della Guardia di Rocca (DD 81/2008, art. 10).",Strada,Istituzionale
73,Entro quanti giorni si può pagare una sanzione stradale in misura ridotta a San Marino?,La legge prevede la possibilità di estinguere la sanzione con pagamento in misura ridotta entro 30 giorni dalla contestazione o notificazione del verbale.,Strada,Procedurale
74,Come si propone ricorso contro una multa stradale a San Marino?,Il ricorso in opposizione a sanzione amministrativa stradale va presentato al Giudice per le sanzioni amministrative / Tribunale Unico entro 30 giorni dalla notifica.,Strada,Giurisdizionale
75,Cosa prevede la normativa per i veicoli con targa prova estera condotti a San Marino?,L'uso di targhe prova estere è consentito solo in conformità alle convenzioni bilaterali italo-sammarinesi e per scopi strettamente legati al trasferimento o collaudo autorizzato.,Strada,Formale
76,Qual è l'obbligo di arresto del veicolo davanti alle strisce pedonali quando un pedone accenna ad attraversare?,"I conducenti devono dare sempre la precedenza ai pedoni che transitano o si accingono a transitare sugli attraversamenti pedonali, rallentando e all'occorrenza arrestandosi (DD 81/2008, art. 42).",Strada,Formale
77,Cosa succede se un veicolo rimane in sosta vietata intralciando la circolazione o i passi carrabili?,Il veicolo è soggetto a rimozione forzata con carro attrezzi a spese del trasgressore oltre alla sanzione amministrativa pecuniaria di divieto di sosta.,Strada,Colloquiale
78,Come sono regolati i fari anabbaglianti durante il giorno sulle strade extraurbane?,L'uso delle luci anabbaglianti o delle luci di marcia diurna (DRL) è obbligatorio per tutti i veicoli a motore anche durante il giorno fuori dai centri abitati e nelle gallerie.,Strada,Formale
79,Quali sono le prescrizioni per la guida di quadricicli leggeri (minicar) a 14 anni a San Marino?,"Per la guida di quadricicli leggeri a 14 anni è richiesta la patente categoria AM, il rispetto dei limiti di sagoma e massa (fino a 425 kg) e velocità massima per costruzione di 45 km/h.",Strada,Puntuale
80,In quali casi il Codice della Strada prevede la confisca definitiva del veicolo?,"La confisca del veicolo è disposta obbligatoriamente nei casi di recidiva nella guida in stato di ebbrezza con tasso alcolemico superiore a 1,5 g/l o sotto effetto di droghe, quando il veicolo appartiene al trasgressore.",Strada,Sanzionatorio
81,Qual è la norma fondamentale sui diritti e sull'ordinamento della Repubblica di San Marino?,La norma fondamentale è la Legge 8 luglio 1974 n. 59 'Dichiarazione dei Diritti dei Cittadini e dei Principi Fondamentali dell'Ordinamento Sammarinese' (e succ. mod. e riforme costituzionali).,Costituzionale,Formale
82,Come vengono eletti i Capitani Reggenti e qual è la durata del loro mandato?,I Capitani Reggenti sono due Capi di Stato collegiali eletti dal Consiglio Grande e Generale per un mandato semestrale non prorogabile (dal 1° aprile al 1° ottobre e dal 1° ottobre al 1° aprile).,Costituzionale,Istituzionale
83,Quanti membri compongono il Consiglio Grande e Generale della Repubblica di San Marino?,Il Consiglio Grande e Generale è l'organo legislativo monocamerale composto da 60 Consiglieri eletti a suffragio universale diretto per una legislatura quinquennale.,Costituzionale,Quantitativo
84,Come funziona il Collegio Garante della Costituzionalità delle Norme?,"Istituito con la Legge Costituzionale 185/2005 e Legge Qualificata 186/2005, è composto da 3 membri effettivi e 3 supplenti con compiti di verifica di legittimità costituzionale delle leggi, conflitti di attribuzione e giudizio di sindacato della Reggenza.",Costituzionale,Istituzionale
85,Che cos'è l'Arengo e quando si presentano le Istanze d'Arengo a San Marino?,L'Arengo è l'antico istituto di democrazia diretta dei capifamiglia; i cittadini presentano le Istanze d'Arengo ai Capitani Reggenti la prima domenica dopo l'insediamento semestrale (ottobre e aprile) per sottoporre questioni di pubblico interesse al Consiglio.,Costituzionale,Concettuale
86,Quali maggioranze sono richieste per approvare una Legge Costituzionale rispetto a una Legge Ordinaria?,Le Leggi Costituzionali e Qualificate richiedono la maggioranza qualificata dei due terzi (2/3) dei componenti del Consiglio Grande e Generale (almeno 40 voti) o la maggioranza assoluta seguita da referendum confermativo obbligatorio.,Costituzionale,Procedurale
87,Qual è il ruolo e la composizione del Congresso di Stato a San Marino?,"Il Congresso di Stato è l'organo esecutivo (Governo) della Repubblica, composto da un massimo di 10 Segretari di Stato eletti dal Consiglio Grande e Generale tra i suoi membri.",Costituzionale,Istituzionale
88,Quali sono i poteri e le competenze storiche del Consiglio dei XII?,Il Consiglio dei XII è un organo consiliare che esercita funzioni di autorizzazione all'acquisto di beni immobili da parte di soggetti esteri e competenze giurisdizionali volontarie storiche.,Costituzionale,Storico/Istituzionale
89,Come si acquista la cittadinanza sammarinese per naturalizzazione?,"La cittadinanza per naturalizzazione è disciplinata dalla Legge 114/2000 (e succ. mod.), subordinata a requisiti continuativi di residenza effettiva sul territorio (generalmente 20 o 25 anni), assenza di precedenti penali gravi e voto consiliare.",Costituzionale,Formale
90,Qual è il sindacato della Reggenza e chi lo giudica?,"Al termine del semestre reggenziale, l'operato dei Capitani Reggenti è sottoposto al giudizio del Collegio Garante della Costituzionalità delle Norme (storicamente i Sindaci di Reggenza), su ricorso dei cittadini per atti compiuti in violazione delle leggi.",Costituzionale,Istituzionale
91,L'ordinamento sammarinese riconosce il principio di separazione dei poteri?,"Sì, l'art. 3 della Legge Costituzionale 59/1974 (e riforme del 2005) sancisce la separazione tra potere legislativo (CGG), potere esecutivo (Congresso di Stato) e potere giudiziario (Magistratura indipendente).",Costituzionale,Costituzionale
92,Quali sono i requisiti di eleggibilità a Capitano Reggente?,"Possono essere eletti Capitani Reggenti i cittadini sammarinesi originari che abbiano compiuto 25 anni, membri del Consiglio Grande e Generale e che non si trovino in cause di incompatibilità o interdizione.",Costituzionale,Puntuale
93,I Capitani Reggenti possono essere rieletti immediatamente per il semestre successivo?,"No, vige il divieto di rielezione immediata: deve intercorrere un periodo minimo di divieto di rieleggibilità (generalmente tre anni) prima di poter assumere nuovamente la Suprema Magistratura.",Costituzionale,Colloquiale
94,Come avviene la promulgazione delle leggi approvate dal Consiglio Grande e Generale?,Le leggi approvate sono promulgate congiuntamente dai due Capitani Reggenti entro i termini di legge e pubblicate all'Albo pretorio e sul Bollettino Ufficiale per entrare in vigore.,Costituzionale,Procedurale
95,Chi presiede le sedute del Consiglio Grande e Generale e del Congresso di Stato?,"I Capitani Reggenti presiedono congiuntamente sia il Consiglio Grande e Generale sia il Congresso di Stato, dirigendo i lavori e garantendo il rispetto del regolamento consiliare.",Costituzionale,Istituzionale
96,Come è tutelato il diritto alla parità di genere e non discriminazione nell'ordinamento sammarinese?,"L'art. 4 della Legge 59/1974 garantisce che tutti sono uguali davanti alla legge senza distinzione di sesso, razza, lingua, convinzioni religiose o politiche.",Costituzionale,Diritti
97,Quali sono le forme di referendum ammesse a San Marino?,"La Legge Qualificata sui Referendum (L.Q. 1/1994 e succ. mod.) prevede il referendum abrogativo, il referendum propositivo e il referendum confermativo per le leggi costituzionali.",Costituzionale,Formale
98,Chi esercita il controllo sulla gestione delle finanze pubbliche e del bilancio dello Stato a San Marino?,"Il controllo è esercitato dalla Commissione di Controllo della Finanza Pubblica e dal Collegio dei Sindaci Revisori, oltre che dal Consiglio Grande e Generale in sede di approvazione del Rendiconto Generale.",Costituzionale,Istituzionale
99,Come sono regolati i Giunte di Castello e i Capitani di Castello a San Marino?,"I 9 Castelli della Repubblica sono enti locali di decentramento amministrativo guidati dal Capitano di Castello e dalla Giunta di Castello, eletti direttamente dai residenti del rispettivo territorio (Legge 127/2020).",Costituzionale,Locale
100,Qual è il numero dei Castelli in cui è suddivisa la Repubblica di San Marino?,"La Repubblica è suddivisa in 9 Castelli: Città di San Marino, Borgo Maggiore, Serravalle, Domagnano, Faetano, Fiorentino, Acquaviva, Chiesanuova e Montegiardino.",Costituzionale,Geografico/Istituzionale
101,Chi rappresenta la Repubblica di San Marino nelle relazioni internazionali e diplomatiche?,La rappresentanza estera compete al Segretario di Stato per gli Affari Esteri e Politici sotto la direzione della Reggenza e del Congresso di Stato.,Costituzionale,Diplomatico
102,Qual è la formula del giuramento prestato dai Capitani Reggenti all'atto dell'insediamento?,"I Capitani Reggenti prestano solenne giuramento davanti al Consiglio Grande e Generale di osservare gli Statuti, difendere la libertà, l'indipendenza e la sovranità della Repubblica.",Costituzionale,Storico
103,Come vengono adottati i Decreti Delegati dal Congresso di Stato?,"I Decreti Delegati sono emanati dal Congresso di Stato su espressa delega contenuta in una legge ordinaria, che ne fissa principi, criteri direttivi e tempi di adozione.",Costituzionale,Procedurale
104,Cosa succede se un Decreto-Legge non viene ratificato dal Consiglio entro i termini di legge?,"I Decreti-Legge adottati per necessità e urgenza devono essere ratificati dal Consiglio Grande e Generale entro 90 giorni, pena la decadenza retroattiva ex tunc dei loro effetti.",Costituzionale,Formale
105,Qual è la tutela costituzionale dell'inviolabilità del domicilio e della libertà personale?,Gli artt. 5 e 6 della Legge 59/1974 sanciscono che la libertà personale e il domicilio sono inviolabili; perquisizioni o arresti sono ammessi solo nei casi e modi previsti dalla legge con atto motivato dell'Autorità Giudiziaria.,Costituzionale,Diritti
106,Chi può sollevare questione di legittimità costituzionale davanti al Collegio Garante?,"La questione può essere sollevata in via incidentale da un Giudice nel corso di un giudizio, o in via principale da almeno 20 Consiglieri, dal Congresso di Stato, da 5 Giunte di Castello o da 300 cittadini.",Costituzionale,Procedurale
107,Come funziona la perdita della cittadinanza sammarinese?,La perdita della cittadinanza è limitata a casi tassativi di espressa rinuncia volontaria o acquisto di cittadinanza estera senza mantenimento del doppio passaporto secondo le condizioni della L. 114/2000.,Costituzionale,Formale
108,Quali sono le competenze del Consiglio Grande e Generale in materia di trattati internazionali?,"La ratifica dei trattati e delle convenzioni internazionali di natura politica, finanziaria o che comportano modifiche legislative compete in via esclusiva al Consiglio Grande e Generale.",Costituzionale,Istituzionale
109,Come è regolata la libertà di associazione e di riunione nella Dichiarazione dei Diritti?,"L'art. 7 della Legge 59/1974 garantisce ai cittadini la piena libertà di riunione e di associazione per fini non contrari alla legge penale, senza necessità di autorizzazione preventiva.",Costituzionale,Diritti
110,Che cos'è la Reggenza e perché è definita magistratura collegiale paritetica?,È definita collegiale e paritetica perché i due Capitani Reggenti hanno pari poteri e dignità; nessun atto statale o presidenziale può essere compiuto disgiuntamente da uno solo di essi.,Costituzionale,Dottrinale
111,Chi sostituisce i Capitani Reggenti in caso di impedimento temporaneo di uno di essi?,"In caso di impedimento temporaneo, le funzioni possono essere svolte dal Collega di Reggenza congiuntamente al Decano del Consiglio dei XII o secondo le disposizioni speciali statutarie.",Costituzionale,Procedurale
112,Quali sono i compiti della Commissione Consiliare Permanente Affari Costituzionali ed Istituzionali?,"Esamina in sede referente i progetti di legge in materia costituzionale, pubblica amministrazione, ordinamento giudiziario e riforme istituzionali prima dell'approvazione finale del Consiglio.",Costituzionale,Istituzionale
113,Come viene garantita l'indipendenza della Magistratura rispetto al potere politico a San Marino?,"L'indipendenza è garantita dalla Legge Qualificata 1/2021: i magistrati sono soggetti solo alla legge, inamovibili e governati dal Consiglio Giudiziario in composizione plenaria.",Costituzionale,Ordinamento
114,Qual è il valore giuridico delle antiche consuetudini e degli Statuti del 1600 nell'ordinamento vigente?,Gli Statuti del XVII secolo e le consuetudini immemorabili costituiscono fonte integrativa e di rango primario dell'ordinamento per le materie non disciplinate da leggi costituzionali scritte.,Costituzionale,Storico/Fonti
115,Come è regolata la mozione di sfiducia nei confronti del Congresso di Stato?,La mozione di sfiducia al Congresso di Stato o a singoli Segretari di Stato deve essere sottoscritta da almeno un terzo dei Consiglieri e approvata a maggioranza assoluta dei componenti del CGG.,Costituzionale,Procedurale
116,Qual è la funzione del Segretario di Stato per gli Affari Interni?,"Il Segretario di Stato per gli Affari Interni cura l'amministrazione generale dello Stato, i rapporti con i Castelli, la pubblica sicurezza, la protezione civile e i servizi demografici ed elettorali.",Costituzionale,Istituzionale
117,Come viene disciplinata la decadenza dalla carica di Consigliere a San Marino?,"La decadenza è dichiarata dal Consiglio Grande e Generale per perdita dei requisiti di eleggibilità, incompatibilità non rimossa nei termini o per assenza ingiustificata prolungata alle sedute.",Costituzionale,Formale
118,Qual è la durata dell'apertura ordinaria delle sessioni consiliari?,Il Consiglio Grande e Generale si riunisce mensilmente in sessioni ordinarie convocate dalla Reggenza e straordinarie su richiesta di almeno un quinto dei Consiglieri.,Costituzionale,Istituzionale
119,Chi redige e conserva i verbali ufficiali delle sedute del Consiglio Grande e Generale?,I verbali sono redatti dall'Ufficio Segreteria Istituzionale e sottoscritti dai Segretari Consiliari e dai Capitani Reggenti.,Costituzionale,Procedurale
120,Come è garantito il diritto di asilo politico nella Repubblica di San Marino?,L'art. 12 della Dichiarazione dei Diritti sancisce che la Repubblica riconosce il diritto di asilo a chiunque sia perseguitato per la difesa delle libertà fondamentali garantite dalla legge.,Costituzionale,Diritti
121,Qual è il capitale sociale minimo per costituire una Società a Responsabilità Limitata (S.r.l.) a San Marino?,"Ai sensi della Legge 47/2006 (Legge sulle Società e succ. mod.), il capitale sociale minimo per una S.r.l. ordinaria è di Euro 25.500 (riducibile con versamento frazionato secondo le tipologie semplificate).",Societario,Formale
122,Qual è il capitale sociale minimo per una Società per Azioni (S.p.A.) a San Marino?,"Ai sensi dell'art. 77 della Legge 47/2006, il capitale sociale minimo per la costituzione di una S.p.A. è di Euro 77.000 interamente sottoscritto.",Societario,Formale
123,Come funziona l'istituto del Trust nell'ordinamento sammarinese?,Il Trust a San Marino è disciplinato in via organica dalla Legge 42/2010; riconosce la piena segregazione patrimoniale dei beni conferiti al Trustee sotto la vigilanza della Corte per i Trust e i Rapporti Fiduciari.,Societario,Concettuale
124,Quali sono le responsabilità degli amministratori verso la società nel diritto sammarinese?,"Gli amministratori rispondono solidalmente verso la società per i danni derivanti dall'inosservanza dei doveri di diligenza, fedeltà e per atti compiuti in violazione dello statuto o della legge (L. 47/2006, art. 54).",Societario,Formale
125,Quando è obbligatoria la nomina del Collegio Sindacale o del Sindaco Unico in una S.r.l.?,"La nomina dell'organo di controllo è obbligatoria se il capitale sociale supera specifiche soglie o se per due esercizi consecutivi vengono superati i limiti di attivo patrimoniale, ricavi o dipendenti previsti dalla L. 47/2006.",Societario,Procedurale
126,Come si trasferiscono le quote di una S.r.l. a San Marino?,Il trasferimento delle quote sociali richiede atto pubblico o scrittura privata autenticata da un Notaio sammarinese e successiva iscrizione nel Registro delle Imprese presso il Tribunale Unico.,Societario,Colloquiale
127,Cosa prevede la normativa sulle start-up ad alto contenuto tecnologico a San Marino?,"Le start-up innovative beneficiano del regime introdotto dal Decreto Delegato 117/2014 (e succ. mod.), con esenzione fiscale IGR temporanea per 5 anni, permessi di soggiorno per fondatori e deroghe societarie.",Societario,Agevolazioni
128,Quali sono le cause legali di scioglimento di una società di capitali?,"Ai sensi della Legge 47/2006, la società si scioglie per decorso del termine, conseguimento dell'oggetto sociale o sopravvenuta impossibilità di conseguirlo, delibera dell'assemblea straordinaria o riduzione del capitale sotto il minimo legale.",Societario,Formale
129,Come funziona la fusione tra società secondo la Legge 47/2006?,"La fusione avviene mediante approvazione del progetto di fusione, redazione delle situazioni patrimoniali, deposito degli atti e delibera notarile, con tutela del diritto di opposizione dei creditori per 30 giorni.",Societario,Procedurale
130,Chi tiene il Registro delle Imprese nella Repubblica di San Marino?,Il Registro delle Imprese è tenuto e gestito dall'Ufficio del Registro delle Imprese presso la Cancelleria Commerciale del Tribunale Unico di San Marino.,Societario,Istituzionale
131,È consentita la costituzione di una S.r.l. unipersonale con un solo socio a San Marino?,"Sì, la Legge 47/2006 ammette espressamente la costituzione di S.r.l. a socio unico (unipersonale), a condizione che il capitale sia interamente versato e sia data pubblicità dell'unico socio nel Registro delle Imprese.",Societario,Colloquiale
132,Quali sono le maggioranze per le delibere dell'assemblea straordinaria dei soci in una S.p.A.?,"Salvo clausole statutarie più elevate, l'assemblea straordinaria delibera con il voto favorevole di almeno due terzi (2/3) del capitale sociale presente in assemblea.",Societario,Quantitativo
133,Cosa prevede la normativa sull'azione di responsabilità dei creditori sociali verso gli amministratori?,I creditori possono agire contro gli amministratori quando il patrimonio sociale risulta insufficiente al soddisfacimento dei loro crediti a causa dell'inosservanza degli obblighi di conservazione dell'integrità patrimoniale.,Societario,Formale
134,Qual è il ruolo del Giudice Delegato e del Curatore nella procedura fallimentare sammarinese?,La Legge Fallimentare sammarinese affida al Giudice Delegato la direzione della procedura e al Curatore Fallimentare l'amministrazione e liquidazione dell'attivo sotto la vigilanza del Tribunale.,Societario,Fallimentare
135,Come è disciplinata la scissione societaria a San Marino?,"La scissione totale o parziale è regolata dagli artt. 115 e segg. della Legge 47/2006, richiedendo la predisposizione del progetto di scissione, relazione degli amministratori e perizia di stima degli esperti.",Societario,Procedurale
136,Quali libri sociali obbligatori devono tenere le società di capitali a San Marino?,"Le società devono tenere: libro dei soci, libro delle adunanze e delibere delle assemblee, libro del Consiglio di Amministrazione, libro del Collegio Sindacale e libro giornale/inventari.",Societario,Formale
137,È possibile emettere azioni senza diritto di voto o a voto plurimo in una S.p.A. sammarinese?,"Sì, lo statuto della S.p.A. può prevedere categorie speciali di azioni fornite di diritti diversi, incluse azioni prive del diritto di voto o a voto limitato a determinati argomenti.",Societario,Dottrinale
138,Qual è il termine per l'approvazione del bilancio d'esercizio da parte dell'assemblea dei soci?,Il bilancio d'esercizio deve essere approvato dall'assemblea dei soci entro 4 mesi dalla chiusura dell'esercizio sociale (o entro 6 mesi in casi eccezionali previsti dallo statuto).,Societario,Puntuale
139,Entro quanti giorni dall'approvazione deve essere depositato il bilancio al Registro delle Imprese?,"Il bilancio approvato, unitamente alle relazioni degli amministratori e dei sindaci, deve essere depositato presso il Registro delle Imprese entro 30 giorni dall'approvazione assembleare.",Societario,Procedurale
140,Come funziona la clausola di gradimento o di prelazione nello statuto di una S.r.l. sammarinese?,Lo statuto può prevedere clausole di prelazione a favore dei soci superstiti o di gradimento dell'organo amministrativo per il trasferimento delle quote inter vivos o mortis causa.,Societario,Colloquiale
141,Quali sono i poteri della Corte per i Trust e i Rapporti Fiduciari a San Marino?,"La Corte per i Trust (L. 42/2010) è un tribunale specializzato con giurisdizione esclusiva in materia di trust, validità degli atti istitutivi, revoca del trustee e risoluzione delle controversie fiduciarie.",Societario,Istituzionale
142,Come è regolata la figura dell'Amministratore Unico rispetto al Consiglio di Amministrazione?,La gestione dell'impresa può essere affidata a un Amministratore Unico o a un Consiglio di Amministrazione composto da due o più membri secondo quanto stabilito dall'atto costitutivo.,Societario,Formale
143,Cosa prevede la legge sammarinese per il conflitto di interessi dell'amministratore in un'operazione societaria?,L'amministratore che ha un interesse per conto proprio o di terzi in una determinata operazione deve darne immediata notizia agli altri amministratori e ai sindaci e astenersi dalla deliberazione (L. 47/2006).,Societario,Dottrinale
144,Qual è il regime della rappresentanza legale della società verso i terzi?,La rappresentanza generale della società spetta all'amministratore unico o al presidente del CDA; le limitazioni ai poteri di rappresentanza non sono opponibili ai terzi a meno che non si provi che abbiano agito intenzionalmente a danno della società.,Societario,Formale
145,In quale caso si verifica la riduzione obbligatoria del capitale sociale per perdite?,"Quando il capitale sociale è diminuito di oltre un terzo a causa di perdite, l'assemblea deve essere convocata per ridurre il capitale o adottare i provvedimenti di risanamento previsti dalla legge.",Societario,Puntuale
146,Come funziona la trasformazione eterogenea o omogenea di una società a San Marino?,"La trasformazione da società di persone a società di capitali (o viceversa) richiede atto notarile, relazione di stima del patrimonio sociale redatta da un revisore e delibera unanime o a maggioranza qualificata dei soci.",Societario,Procedurale
147,Quali requisiti professionali deve possedere il Presidente del Collegio Sindacale a San Marino?,Il Presidente del Collegio Sindacale e i sindaci effettivi devono essere scelti tra gli iscritti all'Albo dei Dottori Commercialisti e degli Esperti Contabili o nel Registro dei Revisori Contabili di San Marino.,Societario,Professionale
148,Come è regolato il recesso del socio da una società a responsabilità limitata?,"Il socio ha diritto di recedere nei casi previsti dalla legge o dallo statuto (es. cambiamento dell'oggetto sociale, trasformazione, trasferimento della sede all'estero), con diritto alla liquidazione della quota al valore reale di mercato.",Societario,Colloquiale
149,Cosa sono le società cooperative nell'ordinamento sammarinese e come sono disciplinate?,"Le cooperative sono società a capitale variabile con scopo mutualistico regolate dalla legge speciale sulle cooperative e, in via sussidiaria, dalle disposizioni della Legge 47/2006 sulle S.r.l.",Societario,Concettuale
150,Qual è il regime della cancellazione della società dal Registro delle Imprese dopo la liquidazione?,"Compiuta la liquidazione e approvato il bilancio finale con il piano di riparto, i liquidatori chiedono la cancellazione della società dal Registro delle Imprese; da tale momento la società si estingue formalmente.",Societario,Procedurale
151,Come viene disciplinata la concorrenza sleale tra imprese nel diritto commerciale sammarinese?,"La concorrenza sleale è vietata: compie atti illeciti chi usa nomi o segni distintivi idonei a creare confusione, diffonde notizie denigratorie sui prodotti altrui o compie atti contrari alla correttezza professionale arrecando danno.",Societario,Commerciale
152,Quali sono le sanzioni per l'omessa tenuta della contabilità societaria ordinaria?,L'omessa o irregolare tenuta delle scritture contabili obbligatorie comporta sanzioni amministrative pecuniarie e rileva penalmente in caso di bancarotta semplice o fraudolenta nel fallimento.,Societario,Sanzionatorio
153,Cosa prevede la normativa sammarinese in merito ai marchi e brevetti industriali?,I diritti di proprietà industriale sono tutelati dalla Legge 79/2005 (Testo Unico Marchi e Brevetti); la registrazione presso l'Ufficio di Stato Brevetti e Marchi (USBM) conferisce diritto esclusivo decennale rinnovabile.,Societario,Proprietà Industriale
154,Un cittadino o società non residente può detenere il 100% delle quote di un'azienda a San Marino?,"Sì, la Legge 47/2006 ha liberalizzato la detenzione di quote societarie da parte di soggetti non residenti, fatte salve le verifiche antiriciclaggio e le autorizzazioni per settori strategici o vigilati.",Societario,Colloquiale
155,Come funziona la cessione di ramo d'azienda nel diritto commerciale sammarinese?,"La cessione d'azienda o di ramo d'azienda richiede la forma dell'atto pubblico o scrittura privata autenticata, con subentro automatico nei contratti stipulati per l'esercizio dell'azienda salvo disdetta per giusta causa.",Societario,Formale
156,Quali sono i requisiti di solvibilità e capitale per le società finanziarie e bancarie?,"Le banche e gli intermediari finanziari sono soggetti alla Legge 165/2005 (LISF) e alla vigilanza prudenziale di Banca Centrale della Repubblica di San Marino (BCSM), con requisiti di capitale e governance rafforzati.",Societario,Bancario
157,"È obbligatorio indicare la sede legale, il capitale e il numero di registro sulle fatture societarie?","Sì, gli atti, la corrispondenza e le fatture delle società di capitali devono obbligatoriamente indicare denominazione, sede legale, capitale sociale versato e numero di iscrizione al Registro Imprese (L. 47/2006).",Societario,Pratico
158,Come è tutelato il patrimonio destinato a uno specifico affare in una S.p.A.?,La società può costituire uno o più patrimoni destinati in via esclusiva a uno specifico affare; tali beni rispondono solo delle obbligazioni contratte per quel determinato affare e sono separati dal patrimonio generale.,Societario,Dottrinale
159,Cosa si intende per socio accomandatario e socio accomandante in una S.a.s. sammarinese?,I soci accomandatari rispondono solidalmente e illimitatamente per le obbligazioni sociali e hanno l'amministrazione; i soci accomandanti rispondono limitatamente alla quota conferita e non possono amministrare.,Societario,Formale
160,Qual è il ruolo del Collegio dei Revisori Legali nei bilanci delle società sammarinesi?,"I revisori hanno il compito di verificare la regolare tenuta della contabilità sociale, la corretta rilevazione dei fatti di gestione nelle scritture e la conformità del bilancio di esercizio alle norme di legge e ai principi contabili.",Societario,Professionale
161,Cosa stabilisce l'ordinamento vigente di San Marino in merito a: tasse persone fisiche e scaglioni IGR Legge 166/2013?,"Ai sensi della Legge 166/2013, l'IGR sulle persone fisiche è ad aliquote progressive per scaglioni di reddito (dal 9% al 35%), con deduzioni per carichi di famiglia e spese sanitarie/istruzione.",Tributario,Formale
162,Spiegami in parole semplici cosa prevede la legge sammarinese su tasse persone fisiche e scaglioni IGR Legge 166/2013,"Ai sensi della Legge 166/2013, l'IGR sulle persone fisiche è ad aliquote progressive per scaglioni di reddito (dal 9% al 35%), con deduzioni per carichi di famiglia e spese sanitarie/istruzione.",Tributario,Colloquiale
163,Normativa RSM su tasse persone fisiche e scaglioni IGR Legge 166/2013: articoli e sanzioni applicabili,"Ai sensi della Legge 166/2013, l'IGR sulle persone fisiche è ad aliquote progressive per scaglioni di reddito (dal 9% al 35%), con deduzioni per carichi di famiglia e spese sanitarie/istruzione.",Tributario,Sintetico
164,Quali sono le ultime novità normative e gli aggiornamenti recenti per tasse persone fisiche e scaglioni IGR Legge 166/2013?,"Ai sensi della Legge 166/2013, l'IGR sulle persone fisiche è ad aliquote progressive per scaglioni di reddito (dal 9% al 35%), con deduzioni per carichi di famiglia e spese sanitarie/istruzione.",Tributario,Vigenza/Novelle
165,Come deve comportarsi un cittadino o professionista a San Marino relativamente a: tasse persone fisiche e scaglioni IGR Legge 166/2013?,"Ai sensi della Legge 166/2013, l'IGR sulle persone fisiche è ad aliquote progressive per scaglioni di reddito (dal 9% al 35%), con deduzioni per carichi di famiglia e spese sanitarie/istruzione.",Tributario,Pratico
166,Quali sono i presupposti giuridici e gli obblighi di legge previsti per tasse persone fisiche e scaglioni IGR Legge 166/2013?,"Ai sensi della Legge 166/2013, l'IGR sulle persone fisiche è ad aliquote progressive per scaglioni di reddito (dal 9% al 35%), con deduzioni per carichi di famiglia e spese sanitarie/istruzione.",Tributario,Dottrinale
167,Qual è la disciplina sanzionatoria o di tutela applicabile a: tasse persone fisiche e scaglioni IGR Legge 166/2013?,"Ai sensi della Legge 166/2013, l'IGR sulle persone fisiche è ad aliquote progressive per scaglioni di reddito (dal 9% al 35%), con deduzioni per carichi di famiglia e spese sanitarie/istruzione.",Tributario,Sanzionatorio
168,"Secondo il Knowledge Graph della normativa sammarinese, come è regolamentato: tasse persone fisiche e scaglioni IGR Legge 166/2013?","Ai sensi della Legge 166/2013, l'IGR sulle persone fisiche è ad aliquote progressive per scaglioni di reddito (dal 9% al 35%), con deduzioni per carichi di famiglia e spese sanitarie/istruzione.",Tributario,Knowledge Graph
169,Cosa stabilisce l'ordinamento vigente di San Marino in merito a: imposta sulle società e aliquota ordinaria IGR?,"L'aliquota ordinaria dell'imposta generale sui redditi per le società di capitali a San Marino è pari al 17% dell'utile netto imponibile, salvo regimi speciali agevolati per nuove imprese.",Tributario,Formale
170,Spiegami in parole semplici cosa prevede la legge sammarinese su imposta sulle società e aliquota ordinaria IGR,"L'aliquota ordinaria dell'imposta generale sui redditi per le società di capitali a San Marino è pari al 17% dell'utile netto imponibile, salvo regimi speciali agevolati per nuove imprese.",Tributario,Colloquiale
171,Normativa RSM su imposta sulle società e aliquota ordinaria IGR: articoli e sanzioni applicabili,"L'aliquota ordinaria dell'imposta generale sui redditi per le società di capitali a San Marino è pari al 17% dell'utile netto imponibile, salvo regimi speciali agevolati per nuove imprese.",Tributario,Sintetico
172,Quali sono le ultime novità normative e gli aggiornamenti recenti per imposta sulle società e aliquota ordinaria IGR?,"L'aliquota ordinaria dell'imposta generale sui redditi per le società di capitali a San Marino è pari al 17% dell'utile netto imponibile, salvo regimi speciali agevolati per nuove imprese.",Tributario,Vigenza/Novelle
173,Come deve comportarsi un cittadino o professionista a San Marino relativamente a: imposta sulle società e aliquota ordinaria IGR?,"L'aliquota ordinaria dell'imposta generale sui redditi per le società di capitali a San Marino è pari al 17% dell'utile netto imponibile, salvo regimi speciali agevolati per nuove imprese.",Tributario,Pratico
174,Quali sono i presupposti giuridici e gli obblighi di legge previsti per imposta sulle società e aliquota ordinaria IGR?,"L'aliquota ordinaria dell'imposta generale sui redditi per le società di capitali a San Marino è pari al 17% dell'utile netto imponibile, salvo regimi speciali agevolati per nuove imprese.",Tributario,Dottrinale
175,Qual è la disciplina sanzionatoria o di tutela applicabile a: imposta sulle società e aliquota ordinaria IGR?,"L'aliquota ordinaria dell'imposta generale sui redditi per le società di capitali a San Marino è pari al 17% dell'utile netto imponibile, salvo regimi speciali agevolati per nuove imprese.",Tributario,Sanzionatorio
176,"Secondo il Knowledge Graph della normativa sammarinese, come è regolamentato: imposta sulle società e aliquota ordinaria IGR?","L'aliquota ordinaria dell'imposta generale sui redditi per le società di capitali a San Marino è pari al 17% dell'utile netto imponibile, salvo regimi speciali agevolati per nuove imprese.",Tributario,Knowledge Graph
177,Cosa stabilisce l'ordinamento vigente di San Marino in merito a: imposta monofase sulle importazioni?,"L'imposta sulle importazioni (Monofase) si applica alle merci introdotte nella Repubblica con aliquota ordinaria del 17% (e ridotte per beni di prima necessità), con rimborso in caso di successiva esportazione.",Tributario,Formale
178,Spiegami in parole semplici cosa prevede la legge sammarinese su imposta monofase sulle importazioni,"L'imposta sulle importazioni (Monofase) si applica alle merci introdotte nella Repubblica con aliquota ordinaria del 17% (e ridotte per beni di prima necessità), con rimborso in caso di successiva esportazione.",Tributario,Colloquiale
179,Normativa RSM su imposta monofase sulle importazioni: articoli e sanzioni applicabili,"L'imposta sulle importazioni (Monofase) si applica alle merci introdotte nella Repubblica con aliquota ordinaria del 17% (e ridotte per beni di prima necessità), con rimborso in caso di successiva esportazione.",Tributario,Sintetico
180,Quali sono le ultime novità normative e gli aggiornamenti recenti per imposta monofase sulle importazioni?,"L'imposta sulle importazioni (Monofase) si applica alle merci introdotte nella Repubblica con aliquota ordinaria del 17% (e ridotte per beni di prima necessità), con rimborso in caso di successiva esportazione.",Tributario,Vigenza/Novelle
181,Come deve comportarsi un cittadino o professionista a San Marino relativamente a: imposta monofase sulle importazioni?,"L'imposta sulle importazioni (Monofase) si applica alle merci introdotte nella Repubblica con aliquota ordinaria del 17% (e ridotte per beni di prima necessità), con rimborso in caso di successiva esportazione.",Tributario,Pratico
182,Quali sono i presupposti giuridici e gli obblighi di legge previsti per imposta monofase sulle importazioni?,"L'imposta sulle importazioni (Monofase) si applica alle merci introdotte nella Repubblica con aliquota ordinaria del 17% (e ridotte per beni di prima necessità), con rimborso in caso di successiva esportazione.",Tributario,Dottrinale
183,Qual è la disciplina sanzionatoria o di tutela applicabile a: imposta monofase sulle importazioni?,"L'imposta sulle importazioni (Monofase) si applica alle merci introdotte nella Repubblica con aliquota ordinaria del 17% (e ridotte per beni di prima necessità), con rimborso in caso di successiva esportazione.",Tributario,Sanzionatorio
184,"Secondo il Knowledge Graph della normativa sammarinese, come è regolamentato: imposta monofase sulle importazioni?","L'imposta sulle importazioni (Monofase) si applica alle merci introdotte nella Repubblica con aliquota ordinaria del 17% (e ridotte per beni di prima necessità), con rimborso in caso di successiva esportazione.",Tributario,Knowledge Graph
185,Cosa stabilisce l'ordinamento vigente di San Marino in merito a: deduzioni per spese di produzione del reddito nell'IGR?,L'IGR riconosce deduzioni forfettarie per spese di produzione del reddito ai lavoratori dipendenti e deduzioni analitiche documentate per spese sostenute in territorio sammarinese (SMAC Card).,Tributario,Formale
186,Spiegami in parole semplici cosa prevede la legge sammarinese su deduzioni per spese di produzione del reddito nell'IGR,L'IGR riconosce deduzioni forfettarie per spese di produzione del reddito ai lavoratori dipendenti e deduzioni analitiche documentate per spese sostenute in territorio sammarinese (SMAC Card).,Tributario,Colloquiale
187,Normativa RSM su deduzioni per spese di produzione del reddito nell'IGR: articoli e sanzioni applicabili,L'IGR riconosce deduzioni forfettarie per spese di produzione del reddito ai lavoratori dipendenti e deduzioni analitiche documentate per spese sostenute in territorio sammarinese (SMAC Card).,Tributario,Sintetico
188,Quali sono le ultime novità normative e gli aggiornamenti recenti per deduzioni per spese di produzione del reddito nell'IGR?,L'IGR riconosce deduzioni forfettarie per spese di produzione del reddito ai lavoratori dipendenti e deduzioni analitiche documentate per spese sostenute in territorio sammarinese (SMAC Card).,Tributario,Vigenza/Novelle
189,Come deve comportarsi un cittadino o professionista a San Marino relativamente a: deduzioni per spese di produzione del reddito nell'IGR?,L'IGR riconosce deduzioni forfettarie per spese di produzione del reddito ai lavoratori dipendenti e deduzioni analitiche documentate per spese sostenute in territorio sammarinese (SMAC Card).,Tributario,Pratico
190,Quali sono i presupposti giuridici e gli obblighi di legge previsti per deduzioni per spese di produzione del reddito nell'IGR?,L'IGR riconosce deduzioni forfettarie per spese di produzione del reddito ai lavoratori dipendenti e deduzioni analitiche documentate per spese sostenute in territorio sammarinese (SMAC Card).,Tributario,Dottrinale
191,Qual è la disciplina sanzionatoria o di tutela applicabile a: deduzioni per spese di produzione del reddito nell'IGR?,L'IGR riconosce deduzioni forfettarie per spese di produzione del reddito ai lavoratori dipendenti e deduzioni analitiche documentate per spese sostenute in territorio sammarinese (SMAC Card).,Tributario,Sanzionatorio
192,"Secondo il Knowledge Graph della normativa sammarinese, come è regolamentato: deduzioni per spese di produzione del reddito nell'IGR?",L'IGR riconosce deduzioni forfettarie per spese di produzione del reddito ai lavoratori dipendenti e deduzioni analitiche documentate per spese sostenute in territorio sammarinese (SMAC Card).,Tributario,Knowledge Graph
193,Cosa stabilisce l'ordinamento vigente di San Marino in merito a: ritenuta alla fonte sui dividendi societari?,I dividendi distribuiti a persone fisiche residenti a San Marino sono soggetti a ritenuta a titolo d'imposta del 5% o concorrono parzialmente al reddito complessivo ai sensi della L. 166/2013.,Tributario,Formale
194,Spiegami in parole semplici cosa prevede la legge sammarinese su ritenuta alla fonte sui dividendi societari,I dividendi distribuiti a persone fisiche residenti a San Marino sono soggetti a ritenuta a titolo d'imposta del 5% o concorrono parzialmente al reddito complessivo ai sensi della L. 166/2013.,Tributario,Colloquiale
195,Normativa RSM su ritenuta alla fonte sui dividendi societari: articoli e sanzioni applicabili,I dividendi distribuiti a persone fisiche residenti a San Marino sono soggetti a ritenuta a titolo d'imposta del 5% o concorrono parzialmente al reddito complessivo ai sensi della L. 166/2013.,Tributario,Sintetico
196,Quali sono le ultime novità normative e gli aggiornamenti recenti per ritenuta alla fonte sui dividendi societari?,I dividendi distribuiti a persone fisiche residenti a San Marino sono soggetti a ritenuta a titolo d'imposta del 5% o concorrono parzialmente al reddito complessivo ai sensi della L. 166/2013.,Tributario,Vigenza/Novelle
197,Come deve comportarsi un cittadino o professionista a San Marino relativamente a: ritenuta alla fonte sui dividendi societari?,I dividendi distribuiti a persone fisiche residenti a San Marino sono soggetti a ritenuta a titolo d'imposta del 5% o concorrono parzialmente al reddito complessivo ai sensi della L. 166/2013.,Tributario,Pratico
198,Quali sono i presupposti giuridici e gli obblighi di legge previsti per ritenuta alla fonte sui dividendi societari?,I dividendi distribuiti a persone fisiche residenti a San Marino sono soggetti a ritenuta a titolo d'imposta del 5% o concorrono parzialmente al reddito complessivo ai sensi della L. 166/2013.,Tributario,Dottrinale
199,Qual è la disciplina sanzionatoria o di tutela applicabile a: ritenuta alla fonte sui dividendi societari?,I dividendi distribuiti a persone fisiche residenti a San Marino sono soggetti a ritenuta a titolo d'imposta del 5% o concorrono parzialmente al reddito complessivo ai sensi della L. 166/2013.,Tributario,Sanzionatorio
200,"Secondo il Knowledge Graph della normativa sammarinese, come è regolamentato: ritenuta alla fonte sui dividendi societari?",I dividendi distribuiti a persone fisiche residenti a San Marino sono soggetti a ritenuta a titolo d'imposta del 5% o concorrono parzialmente al reddito complessivo ai sensi della L. 166/2013.,Tributario,Knowledge Graph
201,Cosa stabilisce l'ordinamento vigente di San Marino in merito a: regime fiscale per i lavoratori autonomi e liberi professionisti?,"Il reddito di lavoro autonomo è determinato dalla differenza tra compensi percepiti e spese sostenute inerenti all'esercizio dell'attività, assoggettato a IGR progressiva.",Tributario,Formale
202,Spiegami in parole semplici cosa prevede la legge sammarinese su regime fiscale per i lavoratori autonomi e liberi professionisti,"Il reddito di lavoro autonomo è determinato dalla differenza tra compensi percepiti e spese sostenute inerenti all'esercizio dell'attività, assoggettato a IGR progressiva.",Tributario,Colloquiale
203,Normativa RSM su regime fiscale per i lavoratori autonomi e liberi professionisti: articoli e sanzioni applicabili,"Il reddito di lavoro autonomo è determinato dalla differenza tra compensi percepiti e spese sostenute inerenti all'esercizio dell'attività, assoggettato a IGR progressiva.",Tributario,Sintetico
204,Quali sono le ultime novità normative e gli aggiornamenti recenti per regime fiscale per i lavoratori autonomi e liberi professionisti?,"Il reddito di lavoro autonomo è determinato dalla differenza tra compensi percepiti e spese sostenute inerenti all'esercizio dell'attività, assoggettato a IGR progressiva.",Tributario,Vigenza/Novelle
205,Come deve comportarsi un cittadino o professionista a San Marino relativamente a: regime fiscale per i lavoratori autonomi e liberi professionisti?,"Il reddito di lavoro autonomo è determinato dalla differenza tra compensi percepiti e spese sostenute inerenti all'esercizio dell'attività, assoggettato a IGR progressiva.",Tributario,Pratico
206,Quali sono i presupposti giuridici e gli obblighi di legge previsti per regime fiscale per i lavoratori autonomi e liberi professionisti?,"Il reddito di lavoro autonomo è determinato dalla differenza tra compensi percepiti e spese sostenute inerenti all'esercizio dell'attività, assoggettato a IGR progressiva.",Tributario,Dottrinale
207,Qual è la disciplina sanzionatoria o di tutela applicabile a: regime fiscale per i lavoratori autonomi e liberi professionisti?,"Il reddito di lavoro autonomo è determinato dalla differenza tra compensi percepiti e spese sostenute inerenti all'esercizio dell'attività, assoggettato a IGR progressiva.",Tributario,Sanzionatorio
208,"Secondo il Knowledge Graph della normativa sammarinese, come è regolamentato: regime fiscale per i lavoratori autonomi e liberi professionisti?","Il reddito di lavoro autonomo è determinato dalla differenza tra compensi percepiti e spese sostenute inerenti all'esercizio dell'attività, assoggettato a IGR progressiva.",Tributario,Knowledge Graph
209,Cosa stabilisce l'ordinamento vigente di San Marino in merito a: fatturazione elettronica tra San Marino e operatori italiani?,È disciplinata dal Decreto Delegato 147/2021 e dal Decreto MEF italiano: interscambio obbligatorio tramite Sistema di Interscambio (SDI) con trasmissione telematica delle fatture senza addebito IVA/Monofase.,Tributario,Formale
210,Spiegami in parole semplici cosa prevede la legge sammarinese su fatturazione elettronica tra San Marino e operatori italiani,È disciplinata dal Decreto Delegato 147/2021 e dal Decreto MEF italiano: interscambio obbligatorio tramite Sistema di Interscambio (SDI) con trasmissione telematica delle fatture senza addebito IVA/Monofase.,Tributario,Colloquiale
211,Normativa RSM su fatturazione elettronica tra San Marino e operatori italiani: articoli e sanzioni applicabili,È disciplinata dal Decreto Delegato 147/2021 e dal Decreto MEF italiano: interscambio obbligatorio tramite Sistema di Interscambio (SDI) con trasmissione telematica delle fatture senza addebito IVA/Monofase.,Tributario,Sintetico
212,Quali sono le ultime novità normative e gli aggiornamenti recenti per fatturazione elettronica tra San Marino e operatori italiani?,È disciplinata dal Decreto Delegato 147/2021 e dal Decreto MEF italiano: interscambio obbligatorio tramite Sistema di Interscambio (SDI) con trasmissione telematica delle fatture senza addebito IVA/Monofase.,Tributario,Vigenza/Novelle
213,Come deve comportarsi un cittadino o professionista a San Marino relativamente a: fatturazione elettronica tra San Marino e operatori italiani?,È disciplinata dal Decreto Delegato 147/2021 e dal Decreto MEF italiano: interscambio obbligatorio tramite Sistema di Interscambio (SDI) con trasmissione telematica delle fatture senza addebito IVA/Monofase.,Tributario,Pratico
214,Quali sono i presupposti giuridici e gli obblighi di legge previsti per fatturazione elettronica tra San Marino e operatori italiani?,È disciplinata dal Decreto Delegato 147/2021 e dal Decreto MEF italiano: interscambio obbligatorio tramite Sistema di Interscambio (SDI) con trasmissione telematica delle fatture senza addebito IVA/Monofase.,Tributario,Dottrinale
215,Qual è la disciplina sanzionatoria o di tutela applicabile a: fatturazione elettronica tra San Marino e operatori italiani?,È disciplinata dal Decreto Delegato 147/2021 e dal Decreto MEF italiano: interscambio obbligatorio tramite Sistema di Interscambio (SDI) con trasmissione telematica delle fatture senza addebito IVA/Monofase.,Tributario,Sanzionatorio
216,"Secondo il Knowledge Graph della normativa sammarinese, come è regolamentato: fatturazione elettronica tra San Marino e operatori italiani?",È disciplinata dal Decreto Delegato 147/2021 e dal Decreto MEF italiano: interscambio obbligatorio tramite Sistema di Interscambio (SDI) con trasmissione telematica delle fatture senza addebito IVA/Monofase.,Tributario,Knowledge Graph
217,Cosa stabilisce l'ordinamento vigente di San Marino in merito a: dichiarazione dei redditi annuale termini di presentazione?,La dichiarazione annuale dei redditi (Modello IGR) va presentata in via telematica entro il 30 giugno dell'anno successivo per le persone fisiche e secondo il calendario fiscale per le società.,Tributario,Formale
218,Spiegami in parole semplici cosa prevede la legge sammarinese su dichiarazione dei redditi annuale termini di presentazione,La dichiarazione annuale dei redditi (Modello IGR) va presentata in via telematica entro il 30 giugno dell'anno successivo per le persone fisiche e secondo il calendario fiscale per le società.,Tributario,Colloquiale
219,Normativa RSM su dichiarazione dei redditi annuale termini di presentazione: articoli e sanzioni applicabili,La dichiarazione annuale dei redditi (Modello IGR) va presentata in via telematica entro il 30 giugno dell'anno successivo per le persone fisiche e secondo il calendario fiscale per le società.,Tributario,Sintetico
220,Quali sono le ultime novità normative e gli aggiornamenti recenti per dichiarazione dei redditi annuale termini di presentazione?,La dichiarazione annuale dei redditi (Modello IGR) va presentata in via telematica entro il 30 giugno dell'anno successivo per le persone fisiche e secondo il calendario fiscale per le società.,Tributario,Vigenza/Novelle
221,Come deve comportarsi un cittadino o professionista a San Marino relativamente a: dichiarazione dei redditi annuale termini di presentazione?,La dichiarazione annuale dei redditi (Modello IGR) va presentata in via telematica entro il 30 giugno dell'anno successivo per le persone fisiche e secondo il calendario fiscale per le società.,Tributario,Pratico
222,Quali sono i presupposti giuridici e gli obblighi di legge previsti per dichiarazione dei redditi annuale termini di presentazione?,La dichiarazione annuale dei redditi (Modello IGR) va presentata in via telematica entro il 30 giugno dell'anno successivo per le persone fisiche e secondo il calendario fiscale per le società.,Tributario,Dottrinale
223,Qual è la disciplina sanzionatoria o di tutela applicabile a: dichiarazione dei redditi annuale termini di presentazione?,La dichiarazione annuale dei redditi (Modello IGR) va presentata in via telematica entro il 30 giugno dell'anno successivo per le persone fisiche e secondo il calendario fiscale per le società.,Tributario,Sanzionatorio
224,"Secondo il Knowledge Graph della normativa sammarinese, come è regolamentato: dichiarazione dei redditi annuale termini di presentazione?",La dichiarazione annuale dei redditi (Modello IGR) va presentata in via telematica entro il 30 giugno dell'anno successivo per le persone fisiche e secondo il calendario fiscale per le società.,Tributario,Knowledge Graph
225,Cosa stabilisce l'ordinamento vigente di San Marino in merito a: reato di riciclaggio e autoriciclaggio Legge 92/2008?,"La Legge 92/2008 (e succ. mod.) punisce severamente chiunque occulta, trasferisce o sostituisce beni o denaro provenienti da delitto con la prigionia di secondo o terzo grado e confisca obbligatoria dei beni.",Penale,Formale
226,Spiegami in parole semplici cosa prevede la legge sammarinese su reato di riciclaggio e autoriciclaggio Legge 92/2008,"La Legge 92/2008 (e succ. mod.) punisce severamente chiunque occulta, trasferisce o sostituisce beni o denaro provenienti da delitto con la prigionia di secondo o terzo grado e confisca obbligatoria dei beni.",Penale,Colloquiale
227,Normativa RSM su reato di riciclaggio e autoriciclaggio Legge 92/2008: articoli e sanzioni applicabili,"La Legge 92/2008 (e succ. mod.) punisce severamente chiunque occulta, trasferisce o sostituisce beni o denaro provenienti da delitto con la prigionia di secondo o terzo grado e confisca obbligatoria dei beni.",Penale,Sintetico
228,Quali sono le ultime novità normative e gli aggiornamenti recenti per reato di riciclaggio e autoriciclaggio Legge 92/2008?,"La Legge 92/2008 (e succ. mod.) punisce severamente chiunque occulta, trasferisce o sostituisce beni o denaro provenienti da delitto con la prigionia di secondo o terzo grado e confisca obbligatoria dei beni.",Penale,Vigenza/Novelle
229,Come deve comportarsi un cittadino o professionista a San Marino relativamente a: reato di riciclaggio e autoriciclaggio Legge 92/2008?,"La Legge 92/2008 (e succ. mod.) punisce severamente chiunque occulta, trasferisce o sostituisce beni o denaro provenienti da delitto con la prigionia di secondo o terzo grado e confisca obbligatoria dei beni.",Penale,Pratico
230,Quali sono i presupposti giuridici e gli obblighi di legge previsti per reato di riciclaggio e autoriciclaggio Legge 92/2008?,"La Legge 92/2008 (e succ. mod.) punisce severamente chiunque occulta, trasferisce o sostituisce beni o denaro provenienti da delitto con la prigionia di secondo o terzo grado e confisca obbligatoria dei beni.",Penale,Dottrinale
231,Qual è la disciplina sanzionatoria o di tutela applicabile a: reato di riciclaggio e autoriciclaggio Legge 92/2008?,"La Legge 92/2008 (e succ. mod.) punisce severamente chiunque occulta, trasferisce o sostituisce beni o denaro provenienti da delitto con la prigionia di secondo o terzo grado e confisca obbligatoria dei beni.",Penale,Sanzionatorio
232,"Secondo il Knowledge Graph della normativa sammarinese, come è regolamentato: reato di riciclaggio e autoriciclaggio Legge 92/2008?","La Legge 92/2008 (e succ. mod.) punisce severamente chiunque occulta, trasferisce o sostituisce beni o denaro provenienti da delitto con la prigionia di secondo o terzo grado e confisca obbligatoria dei beni.",Penale,Knowledge Graph
233,Cosa stabilisce l'ordinamento vigente di San Marino in merito a: corruzione di pubblico ufficiale sanzioni codice penale?,"La corruzione propria e impropria nel Codice Penale sammarinese è delitto punito con la prigionia, l'interdizione dai pubblici uffici e la confisca del prezzo o profitto del reato.",Penale,Formale
234,Spiegami in parole semplici cosa prevede la legge sammarinese su corruzione di pubblico ufficiale sanzioni codice penale,"La corruzione propria e impropria nel Codice Penale sammarinese è delitto punito con la prigionia, l'interdizione dai pubblici uffici e la confisca del prezzo o profitto del reato.",Penale,Colloquiale
235,Normativa RSM su corruzione di pubblico ufficiale sanzioni codice penale: articoli e sanzioni applicabili,"La corruzione propria e impropria nel Codice Penale sammarinese è delitto punito con la prigionia, l'interdizione dai pubblici uffici e la confisca del prezzo o profitto del reato.",Penale,Sintetico
236,Quali sono le ultime novità normative e gli aggiornamenti recenti per corruzione di pubblico ufficiale sanzioni codice penale?,"La corruzione propria e impropria nel Codice Penale sammarinese è delitto punito con la prigionia, l'interdizione dai pubblici uffici e la confisca del prezzo o profitto del reato.",Penale,Vigenza/Novelle
237,Come deve comportarsi un cittadino o professionista a San Marino relativamente a: corruzione di pubblico ufficiale sanzioni codice penale?,"La corruzione propria e impropria nel Codice Penale sammarinese è delitto punito con la prigionia, l'interdizione dai pubblici uffici e la confisca del prezzo o profitto del reato.",Penale,Pratico
238,Quali sono i presupposti giuridici e gli obblighi di legge previsti per corruzione di pubblico ufficiale sanzioni codice penale?,"La corruzione propria e impropria nel Codice Penale sammarinese è delitto punito con la prigionia, l'interdizione dai pubblici uffici e la confisca del prezzo o profitto del reato.",Penale,Dottrinale
239,Qual è la disciplina sanzionatoria o di tutela applicabile a: corruzione di pubblico ufficiale sanzioni codice penale?,"La corruzione propria e impropria nel Codice Penale sammarinese è delitto punito con la prigionia, l'interdizione dai pubblici uffici e la confisca del prezzo o profitto del reato.",Penale,Sanzionatorio
240,"Secondo il Knowledge Graph della normativa sammarinese, come è regolamentato: corruzione di pubblico ufficiale sanzioni codice penale?","La corruzione propria e impropria nel Codice Penale sammarinese è delitto punito con la prigionia, l'interdizione dai pubblici uffici e la confisca del prezzo o profitto del reato.",Penale,Knowledge Graph
241,Cosa stabilisce l'ordinamento vigente di San Marino in merito a: legittima difesa requisiti nel diritto penale sammarinese?,"Non è punibile chi ha commesso il fatto per esservi stato costretto dalla necessità di difendere un diritto proprio o altrui contro il pericolo attuale di un'offesa ingiusta, sempre che la difesa sia proporzionata all'offesa.",Penale,Formale
242,Spiegami in parole semplici cosa prevede la legge sammarinese su legittima difesa requisiti nel diritto penale sammarinese,"Non è punibile chi ha commesso il fatto per esservi stato costretto dalla necessità di difendere un diritto proprio o altrui contro il pericolo attuale di un'offesa ingiusta, sempre che la difesa sia proporzionata all'offesa.",Penale,Colloquiale
243,Normativa RSM su legittima difesa requisiti nel diritto penale sammarinese: articoli e sanzioni applicabili,"Non è punibile chi ha commesso il fatto per esservi stato costretto dalla necessità di difendere un diritto proprio o altrui contro il pericolo attuale di un'offesa ingiusta, sempre che la difesa sia proporzionata all'offesa.",Penale,Sintetico
244,Quali sono le ultime novità normative e gli aggiornamenti recenti per legittima difesa requisiti nel diritto penale sammarinese?,"Non è punibile chi ha commesso il fatto per esservi stato costretto dalla necessità di difendere un diritto proprio o altrui contro il pericolo attuale di un'offesa ingiusta, sempre che la difesa sia proporzionata all'offesa.",Penale,Vigenza/Novelle
245,Come deve comportarsi un cittadino o professionista a San Marino relativamente a: legittima difesa requisiti nel diritto penale sammarinese?,"Non è punibile chi ha commesso il fatto per esservi stato costretto dalla necessità di difendere un diritto proprio o altrui contro il pericolo attuale di un'offesa ingiusta, sempre che la difesa sia proporzionata all'offesa.",Penale,Pratico
246,Quali sono i presupposti giuridici e gli obblighi di legge previsti per legittima difesa requisiti nel diritto penale sammarinese?,"Non è punibile chi ha commesso il fatto per esservi stato costretto dalla necessità di difendere un diritto proprio o altrui contro il pericolo attuale di un'offesa ingiusta, sempre che la difesa sia proporzionata all'offesa.",Penale,Dottrinale
247,Qual è la disciplina sanzionatoria o di tutela applicabile a: legittima difesa requisiti nel diritto penale sammarinese?,"Non è punibile chi ha commesso il fatto per esservi stato costretto dalla necessità di difendere un diritto proprio o altrui contro il pericolo attuale di un'offesa ingiusta, sempre che la difesa sia proporzionata all'offesa.",Penale,Sanzionatorio
248,"Secondo il Knowledge Graph della normativa sammarinese, come è regolamentato: legittima difesa requisiti nel diritto penale sammarinese?","Non è punibile chi ha commesso il fatto per esservi stato costretto dalla necessità di difendere un diritto proprio o altrui contro il pericolo attuale di un'offesa ingiusta, sempre che la difesa sia proporzionata all'offesa.",Penale,Knowledge Graph
249,Cosa stabilisce l'ordinamento vigente di San Marino in merito a: nomina avvocato d'ufficio Decreto Delegato 71/2025?,Il Decreto Delegato 8 maggio 2025 n. 71 disciplina la nomina annuale dell'Avvocato d'Ufficio da parte dei Capitani Reggenti per garantire la difesa tecnica ai non abbienti e agli imputati privi di difensore di fiducia.,Penale,Formale
250,Spiegami in parole semplici cosa prevede la legge sammarinese su nomina avvocato d'ufficio Decreto Delegato 71/2025,Il Decreto Delegato 8 maggio 2025 n. 71 disciplina la nomina annuale dell'Avvocato d'Ufficio da parte dei Capitani Reggenti per garantire la difesa tecnica ai non abbienti e agli imputati privi di difensore di fiducia.,Penale,Colloquiale
251,Normativa RSM su nomina avvocato d'ufficio Decreto Delegato 71/2025: articoli e sanzioni applicabili,Il Decreto Delegato 8 maggio 2025 n. 71 disciplina la nomina annuale dell'Avvocato d'Ufficio da parte dei Capitani Reggenti per garantire la difesa tecnica ai non abbienti e agli imputati privi di difensore di fiducia.,Penale,Sintetico
252,Quali sono le ultime novità normative e gli aggiornamenti recenti per nomina avvocato d'ufficio Decreto Delegato 71/2025?,Il Decreto Delegato 8 maggio 2025 n. 71 disciplina la nomina annuale dell'Avvocato d'Ufficio da parte dei Capitani Reggenti per garantire la difesa tecnica ai non abbienti e agli imputati privi di difensore di fiducia.,Penale,Vigenza/Novelle
253,Come deve comportarsi un cittadino o professionista a San Marino relativamente a: nomina avvocato d'ufficio Decreto Delegato 71/2025?,Il Decreto Delegato 8 maggio 2025 n. 71 disciplina la nomina annuale dell'Avvocato d'Ufficio da parte dei Capitani Reggenti per garantire la difesa tecnica ai non abbienti e agli imputati privi di difensore di fiducia.,Penale,Pratico
254,Quali sono i presupposti giuridici e gli obblighi di legge previsti per nomina avvocato d'ufficio Decreto Delegato 71/2025?,Il Decreto Delegato 8 maggio 2025 n. 71 disciplina la nomina annuale dell'Avvocato d'Ufficio da parte dei Capitani Reggenti per garantire la difesa tecnica ai non abbienti e agli imputati privi di difensore di fiducia.,Penale,Dottrinale
255,Qual è la disciplina sanzionatoria o di tutela applicabile a: nomina avvocato d'ufficio Decreto Delegato 71/2025?,Il Decreto Delegato 8 maggio 2025 n. 71 disciplina la nomina annuale dell'Avvocato d'Ufficio da parte dei Capitani Reggenti per garantire la difesa tecnica ai non abbienti e agli imputati privi di difensore di fiducia.,Penale,Sanzionatorio
256,"Secondo il Knowledge Graph della normativa sammarinese, come è regolamentato: nomina avvocato d'ufficio Decreto Delegato 71/2025?",Il Decreto Delegato 8 maggio 2025 n. 71 disciplina la nomina annuale dell'Avvocato d'Ufficio da parte dei Capitani Reggenti per garantire la difesa tecnica ai non abbienti e agli imputati privi di difensore di fiducia.,Penale,Knowledge Graph
257,Cosa stabilisce l'ordinamento vigente di San Marino in merito a: gradi di pena nel Codice Penale del 1865?,Le pene principali per i delitti sono la prigionia (divisa in gradi da 1 a 6) e l'arresto; per le contravvenzioni sono previsti l'arresto e la multa pecuniaria.,Penale,Formale
258,Spiegami in parole semplici cosa prevede la legge sammarinese su gradi di pena nel Codice Penale del 1865,Le pene principali per i delitti sono la prigionia (divisa in gradi da 1 a 6) e l'arresto; per le contravvenzioni sono previsti l'arresto e la multa pecuniaria.,Penale,Colloquiale
259,Normativa RSM su gradi di pena nel Codice Penale del 1865: articoli e sanzioni applicabili,Le pene principali per i delitti sono la prigionia (divisa in gradi da 1 a 6) e l'arresto; per le contravvenzioni sono previsti l'arresto e la multa pecuniaria.,Penale,Sintetico
260,Quali sono le ultime novità normative e gli aggiornamenti recenti per gradi di pena nel Codice Penale del 1865?,Le pene principali per i delitti sono la prigionia (divisa in gradi da 1 a 6) e l'arresto; per le contravvenzioni sono previsti l'arresto e la multa pecuniaria.,Penale,Vigenza/Novelle
261,Come deve comportarsi un cittadino o professionista a San Marino relativamente a: gradi di pena nel Codice Penale del 1865?,Le pene principali per i delitti sono la prigionia (divisa in gradi da 1 a 6) e l'arresto; per le contravvenzioni sono previsti l'arresto e la multa pecuniaria.,Penale,Pratico
262,Quali sono i presupposti giuridici e gli obblighi di legge previsti per gradi di pena nel Codice Penale del 1865?,Le pene principali per i delitti sono la prigionia (divisa in gradi da 1 a 6) e l'arresto; per le contravvenzioni sono previsti l'arresto e la multa pecuniaria.,Penale,Dottrinale
263,Qual è la disciplina sanzionatoria o di tutela applicabile a: gradi di pena nel Codice Penale del 1865?,Le pene principali per i delitti sono la prigionia (divisa in gradi da 1 a 6) e l'arresto; per le contravvenzioni sono previsti l'arresto e la multa pecuniaria.,Penale,Sanzionatorio
264,"Secondo il Knowledge Graph della normativa sammarinese, come è regolamentato: gradi di pena nel Codice Penale del 1865?",Le pene principali per i delitti sono la prigionia (divisa in gradi da 1 a 6) e l'arresto; per le contravvenzioni sono previsti l'arresto e la multa pecuniaria.,Penale,Knowledge Graph
265,Cosa stabilisce l'ordinamento vigente di San Marino in merito a: reato di truffa elementi costitutivi codice penale?,"Chiunque con artifici o raggiri, inducendo taluno in errore, procura a sé o ad altri un ingiusto profitto con danno altrui, è punito con la prigionia e la multa.",Penale,Formale
266,Spiegami in parole semplici cosa prevede la legge sammarinese su reato di truffa elementi costitutivi codice penale,"Chiunque con artifici o raggiri, inducendo taluno in errore, procura a sé o ad altri un ingiusto profitto con danno altrui, è punito con la prigionia e la multa.",Penale,Colloquiale
267,Normativa RSM su reato di truffa elementi costitutivi codice penale: articoli e sanzioni applicabili,"Chiunque con artifici o raggiri, inducendo taluno in errore, procura a sé o ad altri un ingiusto profitto con danno altrui, è punito con la prigionia e la multa.",Penale,Sintetico
268,Quali sono le ultime novità normative e gli aggiornamenti recenti per reato di truffa elementi costitutivi codice penale?,"Chiunque con artifici o raggiri, inducendo taluno in errore, procura a sé o ad altri un ingiusto profitto con danno altrui, è punito con la prigionia e la multa.",Penale,Vigenza/Novelle
269,Come deve comportarsi un cittadino o professionista a San Marino relativamente a: reato di truffa elementi costitutivi codice penale?,"Chiunque con artifici o raggiri, inducendo taluno in errore, procura a sé o ad altri un ingiusto profitto con danno altrui, è punito con la prigionia e la multa.",Penale,Pratico
270,Quali sono i presupposti giuridici e gli obblighi di legge previsti per reato di truffa elementi costitutivi codice penale?,"Chiunque con artifici o raggiri, inducendo taluno in errore, procura a sé o ad altri un ingiusto profitto con danno altrui, è punito con la prigionia e la multa.",Penale,Dottrinale
271,Qual è la disciplina sanzionatoria o di tutela applicabile a: reato di truffa elementi costitutivi codice penale?,"Chiunque con artifici o raggiri, inducendo taluno in errore, procura a sé o ad altri un ingiusto profitto con danno altrui, è punito con la prigionia e la multa.",Penale,Sanzionatorio
272,"Secondo il Knowledge Graph della normativa sammarinese, come è regolamentato: reato di truffa elementi costitutivi codice penale?","Chiunque con artifici o raggiri, inducendo taluno in errore, procura a sé o ad altri un ingiusto profitto con danno altrui, è punito con la prigionia e la multa.",Penale,Knowledge Graph
273,Cosa stabilisce l'ordinamento vigente di San Marino in merito a: misure cautelari personali nel procedimento penale?,"Il Giudice Inquirente può disporre misure cautelari coercitive (custodia cautelare in carcere, arresti domiciliari, divieto di espatrio) in presenza di gravi indizi di colpevolezza e pericolo di fuga o inquinamento prove.",Penale,Formale
274,Spiegami in parole semplici cosa prevede la legge sammarinese su misure cautelari personali nel procedimento penale,"Il Giudice Inquirente può disporre misure cautelari coercitive (custodia cautelare in carcere, arresti domiciliari, divieto di espatrio) in presenza di gravi indizi di colpevolezza e pericolo di fuga o inquinamento prove.",Penale,Colloquiale
275,Normativa RSM su misure cautelari personali nel procedimento penale: articoli e sanzioni applicabili,"Il Giudice Inquirente può disporre misure cautelari coercitive (custodia cautelare in carcere, arresti domiciliari, divieto di espatrio) in presenza di gravi indizi di colpevolezza e pericolo di fuga o inquinamento prove.",Penale,Sintetico
276,Quali sono le ultime novità normative e gli aggiornamenti recenti per misure cautelari personali nel procedimento penale?,"Il Giudice Inquirente può disporre misure cautelari coercitive (custodia cautelare in carcere, arresti domiciliari, divieto di espatrio) in presenza di gravi indizi di colpevolezza e pericolo di fuga o inquinamento prove.",Penale,Vigenza/Novelle
277,Come deve comportarsi un cittadino o professionista a San Marino relativamente a: misure cautelari personali nel procedimento penale?,"Il Giudice Inquirente può disporre misure cautelari coercitive (custodia cautelare in carcere, arresti domiciliari, divieto di espatrio) in presenza di gravi indizi di colpevolezza e pericolo di fuga o inquinamento prove.",Penale,Pratico
278,Quali sono i presupposti giuridici e gli obblighi di legge previsti per misure cautelari personali nel procedimento penale?,"Il Giudice Inquirente può disporre misure cautelari coercitive (custodia cautelare in carcere, arresti domiciliari, divieto di espatrio) in presenza di gravi indizi di colpevolezza e pericolo di fuga o inquinamento prove.",Penale,Dottrinale
279,Qual è la disciplina sanzionatoria o di tutela applicabile a: misure cautelari personali nel procedimento penale?,"Il Giudice Inquirente può disporre misure cautelari coercitive (custodia cautelare in carcere, arresti domiciliari, divieto di espatrio) in presenza di gravi indizi di colpevolezza e pericolo di fuga o inquinamento prove.",Penale,Sanzionatorio
280,"Secondo il Knowledge Graph della normativa sammarinese, come è regolamentato: misure cautelari personali nel procedimento penale?","Il Giudice Inquirente può disporre misure cautelari coercitive (custodia cautelare in carcere, arresti domiciliari, divieto di espatrio) in presenza di gravi indizi di colpevolezza e pericolo di fuga o inquinamento prove.",Penale,Knowledge Graph
281,Cosa stabilisce l'ordinamento vigente di San Marino in merito a: Istituto per la Sicurezza Sociale ISS organizzazione Legge 42/1955?,"L'ISS garantisce l'assistenza sanitaria universale, la medicina preventiva e la tutela previdenziale a tutti i residenti della Repubblica di San Marino.",Sanita/Previdenza,Formale
282,Spiegami in parole semplici cosa prevede la legge sammarinese su Istituto per la Sicurezza Sociale ISS organizzazione Legge 42/1955,"L'ISS garantisce l'assistenza sanitaria universale, la medicina preventiva e la tutela previdenziale a tutti i residenti della Repubblica di San Marino.",Sanita/Previdenza,Colloquiale
283,Normativa RSM su Istituto per la Sicurezza Sociale ISS organizzazione Legge 42/1955: articoli e sanzioni applicabili,"L'ISS garantisce l'assistenza sanitaria universale, la medicina preventiva e la tutela previdenziale a tutti i residenti della Repubblica di San Marino.",Sanita/Previdenza,Sintetico
284,Quali sono le ultime novità normative e gli aggiornamenti recenti per Istituto per la Sicurezza Sociale ISS organizzazione Legge 42/1955?,"L'ISS garantisce l'assistenza sanitaria universale, la medicina preventiva e la tutela previdenziale a tutti i residenti della Repubblica di San Marino.",Sanita/Previdenza,Vigenza/Novelle
285,Come deve comportarsi un cittadino o professionista a San Marino relativamente a: Istituto per la Sicurezza Sociale ISS organizzazione Legge 42/1955?,"L'ISS garantisce l'assistenza sanitaria universale, la medicina preventiva e la tutela previdenziale a tutti i residenti della Repubblica di San Marino.",Sanita/Previdenza,Pratico
286,Quali sono i presupposti giuridici e gli obblighi di legge previsti per Istituto per la Sicurezza Sociale ISS organizzazione Legge 42/1955?,"L'ISS garantisce l'assistenza sanitaria universale, la medicina preventiva e la tutela previdenziale a tutti i residenti della Repubblica di San Marino.",Sanita/Previdenza,Dottrinale
287,Qual è la disciplina sanzionatoria o di tutela applicabile a: Istituto per la Sicurezza Sociale ISS organizzazione Legge 42/1955?,"L'ISS garantisce l'assistenza sanitaria universale, la medicina preventiva e la tutela previdenziale a tutti i residenti della Repubblica di San Marino.",Sanita/Previdenza,Sanzionatorio
288,"Secondo il Knowledge Graph della normativa sammarinese, come è regolamentato: Istituto per la Sicurezza Sociale ISS organizzazione Legge 42/1955?","L'ISS garantisce l'assistenza sanitaria universale, la medicina preventiva e la tutela previdenziale a tutti i residenti della Repubblica di San Marino.",Sanita/Previdenza,Knowledge Graph
289,Cosa stabilisce l'ordinamento vigente di San Marino in merito a: riforma previdenziale e requisiti pensione vecchiaia Legge 157/2022?,"La Legge 157/2022 ha fissato l'età pensionabile di vecchiaia a 66 anni con almeno 20 anni di contribuzione effettiva, introducendo il sistema di calcolo contributivo pro-rata.",Sanita/Previdenza,Formale
290,Spiegami in parole semplici cosa prevede la legge sammarinese su riforma previdenziale e requisiti pensione vecchiaia Legge 157/2022,"La Legge 157/2022 ha fissato l'età pensionabile di vecchiaia a 66 anni con almeno 20 anni di contribuzione effettiva, introducendo il sistema di calcolo contributivo pro-rata.",Sanita/Previdenza,Colloquiale
291,Normativa RSM su riforma previdenziale e requisiti pensione vecchiaia Legge 157/2022: articoli e sanzioni applicabili,"La Legge 157/2022 ha fissato l'età pensionabile di vecchiaia a 66 anni con almeno 20 anni di contribuzione effettiva, introducendo il sistema di calcolo contributivo pro-rata.",Sanita/Previdenza,Sintetico
292,Quali sono le ultime novità normative e gli aggiornamenti recenti per riforma previdenziale e requisiti pensione vecchiaia Legge 157/2022?,"La Legge 157/2022 ha fissato l'età pensionabile di vecchiaia a 66 anni con almeno 20 anni di contribuzione effettiva, introducendo il sistema di calcolo contributivo pro-rata.",Sanita/Previdenza,Vigenza/Novelle
293,Come deve comportarsi un cittadino o professionista a San Marino relativamente a: riforma previdenziale e requisiti pensione vecchiaia Legge 157/2022?,"La Legge 157/2022 ha fissato l'età pensionabile di vecchiaia a 66 anni con almeno 20 anni di contribuzione effettiva, introducendo il sistema di calcolo contributivo pro-rata.",Sanita/Previdenza,Pratico
294,Quali sono i presupposti giuridici e gli obblighi di legge previsti per riforma previdenziale e requisiti pensione vecchiaia Legge 157/2022?,"La Legge 157/2022 ha fissato l'età pensionabile di vecchiaia a 66 anni con almeno 20 anni di contribuzione effettiva, introducendo il sistema di calcolo contributivo pro-rata.",Sanita/Previdenza,Dottrinale
295,Qual è la disciplina sanzionatoria o di tutela applicabile a: riforma previdenziale e requisiti pensione vecchiaia Legge 157/2022?,"La Legge 157/2022 ha fissato l'età pensionabile di vecchiaia a 66 anni con almeno 20 anni di contribuzione effettiva, introducendo il sistema di calcolo contributivo pro-rata.",Sanita/Previdenza,Sanzionatorio
296,"Secondo il Knowledge Graph della normativa sammarinese, come è regolamentato: riforma previdenziale e requisiti pensione vecchiaia Legge 157/2022?","La Legge 157/2022 ha fissato l'età pensionabile di vecchiaia a 66 anni con almeno 20 anni di contribuzione effettiva, introducendo il sistema di calcolo contributivo pro-rata.",Sanita/Previdenza,Knowledge Graph
297,Cosa stabilisce l'ordinamento vigente di San Marino in merito a: indennita temporanea di malattia lavoratori dipendenti?,"L'indennità economica di malattia è erogata dall'ISS a partire dal primo giorno di assenza certificata, con percentuale a carico ISS e integrazione datoriale secondo i contratti collettivi.",Sanita/Previdenza,Formale
298,Spiegami in parole semplici cosa prevede la legge sammarinese su indennita temporanea di malattia lavoratori dipendenti,"L'indennità economica di malattia è erogata dall'ISS a partire dal primo giorno di assenza certificata, con percentuale a carico ISS e integrazione datoriale secondo i contratti collettivi.",Sanita/Previdenza,Colloquiale
299,Normativa RSM su indennita temporanea di malattia lavoratori dipendenti: articoli e sanzioni applicabili,"L'indennità economica di malattia è erogata dall'ISS a partire dal primo giorno di assenza certificata, con percentuale a carico ISS e integrazione datoriale secondo i contratti collettivi.",Sanita/Previdenza,Sintetico
300,Quali sono le ultime novità normative e gli aggiornamenti recenti per indennita temporanea di malattia lavoratori dipendenti?,"L'indennità economica di malattia è erogata dall'ISS a partire dal primo giorno di assenza certificata, con percentuale a carico ISS e integrazione datoriale secondo i contratti collettivi.",Sanita/Previdenza,Vigenza/Novelle
301,Come deve comportarsi un cittadino o professionista a San Marino relativamente a: indennita temporanea di malattia lavoratori dipendenti?,"L'indennità economica di malattia è erogata dall'ISS a partire dal primo giorno di assenza certificata, con percentuale a carico ISS e integrazione datoriale secondo i contratti collettivi.",Sanita/Previdenza,Pratico
302,Quali sono i presupposti giuridici e gli obblighi di legge previsti per indennita temporanea di malattia lavoratori dipendenti?,"L'indennità economica di malattia è erogata dall'ISS a partire dal primo giorno di assenza certificata, con percentuale a carico ISS e integrazione datoriale secondo i contratti collettivi.",Sanita/Previdenza,Dottrinale
303,Qual è la disciplina sanzionatoria o di tutela applicabile a: indennita temporanea di malattia lavoratori dipendenti?,"L'indennità economica di malattia è erogata dall'ISS a partire dal primo giorno di assenza certificata, con percentuale a carico ISS e integrazione datoriale secondo i contratti collettivi.",Sanita/Previdenza,Sanzionatorio
304,"Secondo il Knowledge Graph della normativa sammarinese, come è regolamentato: indennita temporanea di malattia lavoratori dipendenti?","L'indennità economica di malattia è erogata dall'ISS a partire dal primo giorno di assenza certificata, con percentuale a carico ISS e integrazione datoriale secondo i contratti collettivi.",Sanita/Previdenza,Knowledge Graph
305,Cosa stabilisce l'ordinamento vigente di San Marino in merito a: tutela infortuni sul lavoro e malattie professionali?,"L'ISS assicura le cure mediche, la riabilitazione, l'indennità temporanea assoluta e la rendita vitalizia per inabilità permanente in caso di infortunio sul lavoro o malattia professionale.",Sanita/Previdenza,Formale
306,Spiegami in parole semplici cosa prevede la legge sammarinese su tutela infortuni sul lavoro e malattie professionali,"L'ISS assicura le cure mediche, la riabilitazione, l'indennità temporanea assoluta e la rendita vitalizia per inabilità permanente in caso di infortunio sul lavoro o malattia professionale.",Sanita/Previdenza,Colloquiale
307,Normativa RSM su tutela infortuni sul lavoro e malattie professionali: articoli e sanzioni applicabili,"L'ISS assicura le cure mediche, la riabilitazione, l'indennità temporanea assoluta e la rendita vitalizia per inabilità permanente in caso di infortunio sul lavoro o malattia professionale.",Sanita/Previdenza,Sintetico
308,Quali sono le ultime novità normative e gli aggiornamenti recenti per tutela infortuni sul lavoro e malattie professionali?,"L'ISS assicura le cure mediche, la riabilitazione, l'indennità temporanea assoluta e la rendita vitalizia per inabilità permanente in caso di infortunio sul lavoro o malattia professionale.",Sanita/Previdenza,Vigenza/Novelle
309,Come deve comportarsi un cittadino o professionista a San Marino relativamente a: tutela infortuni sul lavoro e malattie professionali?,"L'ISS assicura le cure mediche, la riabilitazione, l'indennità temporanea assoluta e la rendita vitalizia per inabilità permanente in caso di infortunio sul lavoro o malattia professionale.",Sanita/Previdenza,Pratico
310,Quali sono i presupposti giuridici e gli obblighi di legge previsti per tutela infortuni sul lavoro e malattie professionali?,"L'ISS assicura le cure mediche, la riabilitazione, l'indennità temporanea assoluta e la rendita vitalizia per inabilità permanente in caso di infortunio sul lavoro o malattia professionale.",Sanita/Previdenza,Dottrinale
311,Qual è la disciplina sanzionatoria o di tutela applicabile a: tutela infortuni sul lavoro e malattie professionali?,"L'ISS assicura le cure mediche, la riabilitazione, l'indennità temporanea assoluta e la rendita vitalizia per inabilità permanente in caso di infortunio sul lavoro o malattia professionale.",Sanita/Previdenza,Sanzionatorio
312,"Secondo il Knowledge Graph della normativa sammarinese, come è regolamentato: tutela infortuni sul lavoro e malattie professionali?","L'ISS assicura le cure mediche, la riabilitazione, l'indennità temporanea assoluta e la rendita vitalizia per inabilità permanente in caso di infortunio sul lavoro o malattia professionale.",Sanita/Previdenza,Knowledge Graph
313,Cosa stabilisce l'ordinamento vigente di San Marino in merito a: Testo Unico Edilizia Legge 107/2015 titoli abilitativi?,"La Legge 107/2015 prevede i seguenti titoli edilizi: Comunicazione di Inizio Lavori (CIL), Segnalazione Certificata di Inizio Attività (SCIA) e Concessione Edilizia per gli interventi di maggiore impatto.",Edilizia,Formale
314,Spiegami in parole semplici cosa prevede la legge sammarinese su Testo Unico Edilizia Legge 107/2015 titoli abilitativi,"La Legge 107/2015 prevede i seguenti titoli edilizi: Comunicazione di Inizio Lavori (CIL), Segnalazione Certificata di Inizio Attività (SCIA) e Concessione Edilizia per gli interventi di maggiore impatto.",Edilizia,Colloquiale
315,Normativa RSM su Testo Unico Edilizia Legge 107/2015 titoli abilitativi: articoli e sanzioni applicabili,"La Legge 107/2015 prevede i seguenti titoli edilizi: Comunicazione di Inizio Lavori (CIL), Segnalazione Certificata di Inizio Attività (SCIA) e Concessione Edilizia per gli interventi di maggiore impatto.",Edilizia,Sintetico
316,Quali sono le ultime novità normative e gli aggiornamenti recenti per Testo Unico Edilizia Legge 107/2015 titoli abilitativi?,"La Legge 107/2015 prevede i seguenti titoli edilizi: Comunicazione di Inizio Lavori (CIL), Segnalazione Certificata di Inizio Attività (SCIA) e Concessione Edilizia per gli interventi di maggiore impatto.",Edilizia,Vigenza/Novelle
317,Come deve comportarsi un cittadino o professionista a San Marino relativamente a: Testo Unico Edilizia Legge 107/2015 titoli abilitativi?,"La Legge 107/2015 prevede i seguenti titoli edilizi: Comunicazione di Inizio Lavori (CIL), Segnalazione Certificata di Inizio Attività (SCIA) e Concessione Edilizia per gli interventi di maggiore impatto.",Edilizia,Pratico
318,Quali sono i presupposti giuridici e gli obblighi di legge previsti per Testo Unico Edilizia Legge 107/2015 titoli abilitativi?,"La Legge 107/2015 prevede i seguenti titoli edilizi: Comunicazione di Inizio Lavori (CIL), Segnalazione Certificata di Inizio Attività (SCIA) e Concessione Edilizia per gli interventi di maggiore impatto.",Edilizia,Dottrinale
319,Qual è la disciplina sanzionatoria o di tutela applicabile a: Testo Unico Edilizia Legge 107/2015 titoli abilitativi?,"La Legge 107/2015 prevede i seguenti titoli edilizi: Comunicazione di Inizio Lavori (CIL), Segnalazione Certificata di Inizio Attività (SCIA) e Concessione Edilizia per gli interventi di maggiore impatto.",Edilizia,Sanzionatorio
320,"Secondo il Knowledge Graph della normativa sammarinese, come è regolamentato: Testo Unico Edilizia Legge 107/2015 titoli abilitativi?","La Legge 107/2015 prevede i seguenti titoli edilizi: Comunicazione di Inizio Lavori (CIL), Segnalazione Certificata di Inizio Attività (SCIA) e Concessione Edilizia per gli interventi di maggiore impatto.",Edilizia,Knowledge Graph
321,Cosa stabilisce l'ordinamento vigente di San Marino in merito a: abusi edilizi e sanzioni ripristinatorie Legge 107/2015?,"Le opere realizzate in assenza o totale difformità dalla concessione comportano l'ordine di demolizione e ripristino dei luoghi, oltre a sanzioni pecuniarie amministrative e penali.",Edilizia,Formale
322,Spiegami in parole semplici cosa prevede la legge sammarinese su abusi edilizi e sanzioni ripristinatorie Legge 107/2015,"Le opere realizzate in assenza o totale difformità dalla concessione comportano l'ordine di demolizione e ripristino dei luoghi, oltre a sanzioni pecuniarie amministrative e penali.",Edilizia,Colloquiale
323,Normativa RSM su abusi edilizi e sanzioni ripristinatorie Legge 107/2015: articoli e sanzioni applicabili,"Le opere realizzate in assenza o totale difformità dalla concessione comportano l'ordine di demolizione e ripristino dei luoghi, oltre a sanzioni pecuniarie amministrative e penali.",Edilizia,Sintetico
324,Quali sono le ultime novità normative e gli aggiornamenti recenti per abusi edilizi e sanzioni ripristinatorie Legge 107/2015?,"Le opere realizzate in assenza o totale difformità dalla concessione comportano l'ordine di demolizione e ripristino dei luoghi, oltre a sanzioni pecuniarie amministrative e penali.",Edilizia,Vigenza/Novelle
325,Come deve comportarsi un cittadino o professionista a San Marino relativamente a: abusi edilizi e sanzioni ripristinatorie Legge 107/2015?,"Le opere realizzate in assenza o totale difformità dalla concessione comportano l'ordine di demolizione e ripristino dei luoghi, oltre a sanzioni pecuniarie amministrative e penali.",Edilizia,Pratico
326,Quali sono i presupposti giuridici e gli obblighi di legge previsti per abusi edilizi e sanzioni ripristinatorie Legge 107/2015?,"Le opere realizzate in assenza o totale difformità dalla concessione comportano l'ordine di demolizione e ripristino dei luoghi, oltre a sanzioni pecuniarie amministrative e penali.",Edilizia,Dottrinale
327,Qual è la disciplina sanzionatoria o di tutela applicabile a: abusi edilizi e sanzioni ripristinatorie Legge 107/2015?,"Le opere realizzate in assenza o totale difformità dalla concessione comportano l'ordine di demolizione e ripristino dei luoghi, oltre a sanzioni pecuniarie amministrative e penali.",Edilizia,Sanzionatorio
328,"Secondo il Knowledge Graph della normativa sammarinese, come è regolamentato: abusi edilizi e sanzioni ripristinatorie Legge 107/2015?","Le opere realizzate in assenza o totale difformità dalla concessione comportano l'ordine di demolizione e ripristino dei luoghi, oltre a sanzioni pecuniarie amministrative e penali.",Edilizia,Knowledge Graph
329,Cosa stabilisce l'ordinamento vigente di San Marino in merito a: Commissione per le Politiche Territoriali CPT competenze?,"La CPT è l'organo tecnico-politico che sovrintende alla pianificazione urbanistica, al Piano Regolatore Generale (PRG), alle varianti territoriali e alla tutela del paesaggio.",Edilizia,Formale
330,Spiegami in parole semplici cosa prevede la legge sammarinese su Commissione per le Politiche Territoriali CPT competenze,"La CPT è l'organo tecnico-politico che sovrintende alla pianificazione urbanistica, al Piano Regolatore Generale (PRG), alle varianti territoriali e alla tutela del paesaggio.",Edilizia,Colloquiale
331,Normativa RSM su Commissione per le Politiche Territoriali CPT competenze: articoli e sanzioni applicabili,"La CPT è l'organo tecnico-politico che sovrintende alla pianificazione urbanistica, al Piano Regolatore Generale (PRG), alle varianti territoriali e alla tutela del paesaggio.",Edilizia,Sintetico
332,Quali sono le ultime novità normative e gli aggiornamenti recenti per Commissione per le Politiche Territoriali CPT competenze?,"La CPT è l'organo tecnico-politico che sovrintende alla pianificazione urbanistica, al Piano Regolatore Generale (PRG), alle varianti territoriali e alla tutela del paesaggio.",Edilizia,Vigenza/Novelle
333,Come deve comportarsi un cittadino o professionista a San Marino relativamente a: Commissione per le Politiche Territoriali CPT competenze?,"La CPT è l'organo tecnico-politico che sovrintende alla pianificazione urbanistica, al Piano Regolatore Generale (PRG), alle varianti territoriali e alla tutela del paesaggio.",Edilizia,Pratico
334,Quali sono i presupposti giuridici e gli obblighi di legge previsti per Commissione per le Politiche Territoriali CPT competenze?,"La CPT è l'organo tecnico-politico che sovrintende alla pianificazione urbanistica, al Piano Regolatore Generale (PRG), alle varianti territoriali e alla tutela del paesaggio.",Edilizia,Dottrinale
335,Qual è la disciplina sanzionatoria o di tutela applicabile a: Commissione per le Politiche Territoriali CPT competenze?,"La CPT è l'organo tecnico-politico che sovrintende alla pianificazione urbanistica, al Piano Regolatore Generale (PRG), alle varianti territoriali e alla tutela del paesaggio.",Edilizia,Sanzionatorio
336,"Secondo il Knowledge Graph della normativa sammarinese, come è regolamentato: Commissione per le Politiche Territoriali CPT competenze?","La CPT è l'organo tecnico-politico che sovrintende alla pianificazione urbanistica, al Piano Regolatore Generale (PRG), alle varianti territoriali e alla tutela del paesaggio.",Edilizia,Knowledge Graph
337,Cosa stabilisce l'ordinamento vigente di San Marino in merito a: vincoli paesaggistici nel centro storico patrimonio UNESCO?,"Nel centro storico di San Marino e Borgo Maggiore (iscritti UNESCO) vige il vincolo di massima tutela paesaggistica ed architettonica, con divieto di alterazione dei prospetti storici senza parere della Sezione Monumenti.",Edilizia,Formale
338,Spiegami in parole semplici cosa prevede la legge sammarinese su vincoli paesaggistici nel centro storico patrimonio UNESCO,"Nel centro storico di San Marino e Borgo Maggiore (iscritti UNESCO) vige il vincolo di massima tutela paesaggistica ed architettonica, con divieto di alterazione dei prospetti storici senza parere della Sezione Monumenti.",Edilizia,Colloquiale
339,Normativa RSM su vincoli paesaggistici nel centro storico patrimonio UNESCO: articoli e sanzioni applicabili,"Nel centro storico di San Marino e Borgo Maggiore (iscritti UNESCO) vige il vincolo di massima tutela paesaggistica ed architettonica, con divieto di alterazione dei prospetti storici senza parere della Sezione Monumenti.",Edilizia,Sintetico
340,Quali sono le ultime novità normative e gli aggiornamenti recenti per vincoli paesaggistici nel centro storico patrimonio UNESCO?,"Nel centro storico di San Marino e Borgo Maggiore (iscritti UNESCO) vige il vincolo di massima tutela paesaggistica ed architettonica, con divieto di alterazione dei prospetti storici senza parere della Sezione Monumenti.",Edilizia,Vigenza/Novelle
341,Come deve comportarsi un cittadino o professionista a San Marino relativamente a: vincoli paesaggistici nel centro storico patrimonio UNESCO?,"Nel centro storico di San Marino e Borgo Maggiore (iscritti UNESCO) vige il vincolo di massima tutela paesaggistica ed architettonica, con divieto di alterazione dei prospetti storici senza parere della Sezione Monumenti.",Edilizia,Pratico
342,Quali sono i presupposti giuridici e gli obblighi di legge previsti per vincoli paesaggistici nel centro storico patrimonio UNESCO?,"Nel centro storico di San Marino e Borgo Maggiore (iscritti UNESCO) vige il vincolo di massima tutela paesaggistica ed architettonica, con divieto di alterazione dei prospetti storici senza parere della Sezione Monumenti.",Edilizia,Dottrinale
343,Qual è la disciplina sanzionatoria o di tutela applicabile a: vincoli paesaggistici nel centro storico patrimonio UNESCO?,"Nel centro storico di San Marino e Borgo Maggiore (iscritti UNESCO) vige il vincolo di massima tutela paesaggistica ed architettonica, con divieto di alterazione dei prospetti storici senza parere della Sezione Monumenti.",Edilizia,Sanzionatorio
344,"Secondo il Knowledge Graph della normativa sammarinese, come è regolamentato: vincoli paesaggistici nel centro storico patrimonio UNESCO?","Nel centro storico di San Marino e Borgo Maggiore (iscritti UNESCO) vige il vincolo di massima tutela paesaggistica ed architettonica, con divieto di alterazione dei prospetti storici senza parere della Sezione Monumenti.",Edilizia,Knowledge Graph
345,Cosa stabilisce l'ordinamento vigente di San Marino in merito a: certificato di conformità edilizia e agibilità immobili?,"Il certificato attesta la rispondenza dell'opera al progetto autorizzato, la salubrità, l'isolamento e la sicurezza degli impianti, ed è rilasciato dall'Ufficio Tecnico del Catasto e Urbanistica.",Edilizia,Formale
346,Spiegami in parole semplici cosa prevede la legge sammarinese su certificato di conformità edilizia e agibilità immobili,"Il certificato attesta la rispondenza dell'opera al progetto autorizzato, la salubrità, l'isolamento e la sicurezza degli impianti, ed è rilasciato dall'Ufficio Tecnico del Catasto e Urbanistica.",Edilizia,Colloquiale
347,Normativa RSM su certificato di conformità edilizia e agibilità immobili: articoli e sanzioni applicabili,"Il certificato attesta la rispondenza dell'opera al progetto autorizzato, la salubrità, l'isolamento e la sicurezza degli impianti, ed è rilasciato dall'Ufficio Tecnico del Catasto e Urbanistica.",Edilizia,Sintetico
348,Quali sono le ultime novità normative e gli aggiornamenti recenti per certificato di conformità edilizia e agibilità immobili?,"Il certificato attesta la rispondenza dell'opera al progetto autorizzato, la salubrità, l'isolamento e la sicurezza degli impianti, ed è rilasciato dall'Ufficio Tecnico del Catasto e Urbanistica.",Edilizia,Vigenza/Novelle
349,Come deve comportarsi un cittadino o professionista a San Marino relativamente a: certificato di conformità edilizia e agibilità immobili?,"Il certificato attesta la rispondenza dell'opera al progetto autorizzato, la salubrità, l'isolamento e la sicurezza degli impianti, ed è rilasciato dall'Ufficio Tecnico del Catasto e Urbanistica.",Edilizia,Pratico
350,Quali sono i presupposti giuridici e gli obblighi di legge previsti per certificato di conformità edilizia e agibilità immobili?,"Il certificato attesta la rispondenza dell'opera al progetto autorizzato, la salubrità, l'isolamento e la sicurezza degli impianti, ed è rilasciato dall'Ufficio Tecnico del Catasto e Urbanistica.",Edilizia,Dottrinale
351,Qual è la disciplina sanzionatoria o di tutela applicabile a: certificato di conformità edilizia e agibilità immobili?,"Il certificato attesta la rispondenza dell'opera al progetto autorizzato, la salubrità, l'isolamento e la sicurezza degli impianti, ed è rilasciato dall'Ufficio Tecnico del Catasto e Urbanistica.",Edilizia,Sanzionatorio
352,"Secondo il Knowledge Graph della normativa sammarinese, come è regolamentato: certificato di conformità edilizia e agibilità immobili?","Il certificato attesta la rispondenza dell'opera al progetto autorizzato, la salubrità, l'isolamento e la sicurezza degli impianti, ed è rilasciato dall'Ufficio Tecnico del Catasto e Urbanistica.",Edilizia,Knowledge Graph
353,Cosa stabilisce l'ordinamento vigente di San Marino in merito a: protezione dati personali Legge 171/2018 GDPR sammarinese?,"La Legge 171/2018 recepisce integralmente i principi del GDPR europeo: liceità, trasparenza, limitazione delle finalità, diritti di accesso, rettifica, cancellazione e portabilità dei dati personali.",Privacy/Digitale,Formale
354,Spiegami in parole semplici cosa prevede la legge sammarinese su protezione dati personali Legge 171/2018 GDPR sammarinese,"La Legge 171/2018 recepisce integralmente i principi del GDPR europeo: liceità, trasparenza, limitazione delle finalità, diritti di accesso, rettifica, cancellazione e portabilità dei dati personali.",Privacy/Digitale,Colloquiale
355,Normativa RSM su protezione dati personali Legge 171/2018 GDPR sammarinese: articoli e sanzioni applicabili,"La Legge 171/2018 recepisce integralmente i principi del GDPR europeo: liceità, trasparenza, limitazione delle finalità, diritti di accesso, rettifica, cancellazione e portabilità dei dati personali.",Privacy/Digitale,Sintetico
356,Quali sono le ultime novità normative e gli aggiornamenti recenti per protezione dati personali Legge 171/2018 GDPR sammarinese?,"La Legge 171/2018 recepisce integralmente i principi del GDPR europeo: liceità, trasparenza, limitazione delle finalità, diritti di accesso, rettifica, cancellazione e portabilità dei dati personali.",Privacy/Digitale,Vigenza/Novelle
357,Come deve comportarsi un cittadino o professionista a San Marino relativamente a: protezione dati personali Legge 171/2018 GDPR sammarinese?,"La Legge 171/2018 recepisce integralmente i principi del GDPR europeo: liceità, trasparenza, limitazione delle finalità, diritti di accesso, rettifica, cancellazione e portabilità dei dati personali.",Privacy/Digitale,Pratico
358,Quali sono i presupposti giuridici e gli obblighi di legge previsti per protezione dati personali Legge 171/2018 GDPR sammarinese?,"La Legge 171/2018 recepisce integralmente i principi del GDPR europeo: liceità, trasparenza, limitazione delle finalità, diritti di accesso, rettifica, cancellazione e portabilità dei dati personali.",Privacy/Digitale,Dottrinale
359,Qual è la disciplina sanzionatoria o di tutela applicabile a: protezione dati personali Legge 171/2018 GDPR sammarinese?,"La Legge 171/2018 recepisce integralmente i principi del GDPR europeo: liceità, trasparenza, limitazione delle finalità, diritti di accesso, rettifica, cancellazione e portabilità dei dati personali.",Privacy/Digitale,Sanzionatorio
360,"Secondo il Knowledge Graph della normativa sammarinese, come è regolamentato: protezione dati personali Legge 171/2018 GDPR sammarinese?","La Legge 171/2018 recepisce integralmente i principi del GDPR europeo: liceità, trasparenza, limitazione delle finalità, diritti di accesso, rettifica, cancellazione e portabilità dei dati personali.",Privacy/Digitale,Knowledge Graph
361,Cosa stabilisce l'ordinamento vigente di San Marino in merito a: figura del Responsabile Protezione Dati DPO RPD San Marino?,"Il DPO/RPD deve essere designato obbligatoriamente dagli enti pubblici e dalle aziende che effettuano trattamenti su larga scala o di dati sensibili, fungendo da punto di contatto con l'Autorità Garante Privacy.",Privacy/Digitale,Formale
362,Spiegami in parole semplici cosa prevede la legge sammarinese su figura del Responsabile Protezione Dati DPO RPD San Marino,"Il DPO/RPD deve essere designato obbligatoriamente dagli enti pubblici e dalle aziende che effettuano trattamenti su larga scala o di dati sensibili, fungendo da punto di contatto con l'Autorità Garante Privacy.",Privacy/Digitale,Colloquiale
363,Normativa RSM su figura del Responsabile Protezione Dati DPO RPD San Marino: articoli e sanzioni applicabili,"Il DPO/RPD deve essere designato obbligatoriamente dagli enti pubblici e dalle aziende che effettuano trattamenti su larga scala o di dati sensibili, fungendo da punto di contatto con l'Autorità Garante Privacy.",Privacy/Digitale,Sintetico
364,Quali sono le ultime novità normative e gli aggiornamenti recenti per figura del Responsabile Protezione Dati DPO RPD San Marino?,"Il DPO/RPD deve essere designato obbligatoriamente dagli enti pubblici e dalle aziende che effettuano trattamenti su larga scala o di dati sensibili, fungendo da punto di contatto con l'Autorità Garante Privacy.",Privacy/Digitale,Vigenza/Novelle
365,Come deve comportarsi un cittadino o professionista a San Marino relativamente a: figura del Responsabile Protezione Dati DPO RPD San Marino?,"Il DPO/RPD deve essere designato obbligatoriamente dagli enti pubblici e dalle aziende che effettuano trattamenti su larga scala o di dati sensibili, fungendo da punto di contatto con l'Autorità Garante Privacy.",Privacy/Digitale,Pratico
366,Quali sono i presupposti giuridici e gli obblighi di legge previsti per figura del Responsabile Protezione Dati DPO RPD San Marino?,"Il DPO/RPD deve essere designato obbligatoriamente dagli enti pubblici e dalle aziende che effettuano trattamenti su larga scala o di dati sensibili, fungendo da punto di contatto con l'Autorità Garante Privacy.",Privacy/Digitale,Dottrinale
367,Qual è la disciplina sanzionatoria o di tutela applicabile a: figura del Responsabile Protezione Dati DPO RPD San Marino?,"Il DPO/RPD deve essere designato obbligatoriamente dagli enti pubblici e dalle aziende che effettuano trattamenti su larga scala o di dati sensibili, fungendo da punto di contatto con l'Autorità Garante Privacy.",Privacy/Digitale,Sanzionatorio
368,"Secondo il Knowledge Graph della normativa sammarinese, come è regolamentato: figura del Responsabile Protezione Dati DPO RPD San Marino?","Il DPO/RPD deve essere designato obbligatoriamente dagli enti pubblici e dalle aziende che effettuano trattamenti su larga scala o di dati sensibili, fungendo da punto di contatto con l'Autorità Garante Privacy.",Privacy/Digitale,Knowledge Graph
369,Cosa stabilisce l'ordinamento vigente di San Marino in merito a: firma digitale e servizi fiduciari Decreto Delegato 173/2024 eIDAS?,"Il DD 173/2024 adegua la normativa sammarinese al Regolamento UE eIDAS, riconoscendo piena validità legale e probatoria alla firma digitale qualificata e ai servizi fiduciari di recapito certificato.",Privacy/Digitale,Formale
370,Spiegami in parole semplici cosa prevede la legge sammarinese su firma digitale e servizi fiduciari Decreto Delegato 173/2024 eIDAS,"Il DD 173/2024 adegua la normativa sammarinese al Regolamento UE eIDAS, riconoscendo piena validità legale e probatoria alla firma digitale qualificata e ai servizi fiduciari di recapito certificato.",Privacy/Digitale,Colloquiale
371,Normativa RSM su firma digitale e servizi fiduciari Decreto Delegato 173/2024 eIDAS: articoli e sanzioni applicabili,"Il DD 173/2024 adegua la normativa sammarinese al Regolamento UE eIDAS, riconoscendo piena validità legale e probatoria alla firma digitale qualificata e ai servizi fiduciari di recapito certificato.",Privacy/Digitale,Sintetico
372,Quali sono le ultime novità normative e gli aggiornamenti recenti per firma digitale e servizi fiduciari Decreto Delegato 173/2024 eIDAS?,"Il DD 173/2024 adegua la normativa sammarinese al Regolamento UE eIDAS, riconoscendo piena validità legale e probatoria alla firma digitale qualificata e ai servizi fiduciari di recapito certificato.",Privacy/Digitale,Vigenza/Novelle
373,Come deve comportarsi un cittadino o professionista a San Marino relativamente a: firma digitale e servizi fiduciari Decreto Delegato 173/2024 eIDAS?,"Il DD 173/2024 adegua la normativa sammarinese al Regolamento UE eIDAS, riconoscendo piena validità legale e probatoria alla firma digitale qualificata e ai servizi fiduciari di recapito certificato.",Privacy/Digitale,Pratico
374,Quali sono i presupposti giuridici e gli obblighi di legge previsti per firma digitale e servizi fiduciari Decreto Delegato 173/2024 eIDAS?,"Il DD 173/2024 adegua la normativa sammarinese al Regolamento UE eIDAS, riconoscendo piena validità legale e probatoria alla firma digitale qualificata e ai servizi fiduciari di recapito certificato.",Privacy/Digitale,Dottrinale
375,Qual è la disciplina sanzionatoria o di tutela applicabile a: firma digitale e servizi fiduciari Decreto Delegato 173/2024 eIDAS?,"Il DD 173/2024 adegua la normativa sammarinese al Regolamento UE eIDAS, riconoscendo piena validità legale e probatoria alla firma digitale qualificata e ai servizi fiduciari di recapito certificato.",Privacy/Digitale,Sanzionatorio
376,"Secondo il Knowledge Graph della normativa sammarinese, come è regolamentato: firma digitale e servizi fiduciari Decreto Delegato 173/2024 eIDAS?","Il DD 173/2024 adegua la normativa sammarinese al Regolamento UE eIDAS, riconoscendo piena validità legale e probatoria alla firma digitale qualificata e ai servizi fiduciari di recapito certificato.",Privacy/Digitale,Knowledge Graph
377,Cosa stabilisce l'ordinamento vigente di San Marino in merito a: tecnologia blockchain e asset virtuali Decreto Delegato 86/2019?,"Il DD 86/2019 disciplina l'emissione di token di utilità e di investimento, i registri distribuiti (DLT) e i fornitori di servizi blockchain sotto la vigilanza di San Marino Innovation.",Privacy/Digitale,Formale
378,Spiegami in parole semplici cosa prevede la legge sammarinese su tecnologia blockchain e asset virtuali Decreto Delegato 86/2019,"Il DD 86/2019 disciplina l'emissione di token di utilità e di investimento, i registri distribuiti (DLT) e i fornitori di servizi blockchain sotto la vigilanza di San Marino Innovation.",Privacy/Digitale,Colloquiale
379,Normativa RSM su tecnologia blockchain e asset virtuali Decreto Delegato 86/2019: articoli e sanzioni applicabili,"Il DD 86/2019 disciplina l'emissione di token di utilità e di investimento, i registri distribuiti (DLT) e i fornitori di servizi blockchain sotto la vigilanza di San Marino Innovation.",Privacy/Digitale,Sintetico
380,Quali sono le ultime novità normative e gli aggiornamenti recenti per tecnologia blockchain e asset virtuali Decreto Delegato 86/2019?,"Il DD 86/2019 disciplina l'emissione di token di utilità e di investimento, i registri distribuiti (DLT) e i fornitori di servizi blockchain sotto la vigilanza di San Marino Innovation.",Privacy/Digitale,Vigenza/Novelle
381,Come deve comportarsi un cittadino o professionista a San Marino relativamente a: tecnologia blockchain e asset virtuali Decreto Delegato 86/2019?,"Il DD 86/2019 disciplina l'emissione di token di utilità e di investimento, i registri distribuiti (DLT) e i fornitori di servizi blockchain sotto la vigilanza di San Marino Innovation.",Privacy/Digitale,Pratico
382,Quali sono i presupposti giuridici e gli obblighi di legge previsti per tecnologia blockchain e asset virtuali Decreto Delegato 86/2019?,"Il DD 86/2019 disciplina l'emissione di token di utilità e di investimento, i registri distribuiti (DLT) e i fornitori di servizi blockchain sotto la vigilanza di San Marino Innovation.",Privacy/Digitale,Dottrinale
383,Qual è la disciplina sanzionatoria o di tutela applicabile a: tecnologia blockchain e asset virtuali Decreto Delegato 86/2019?,"Il DD 86/2019 disciplina l'emissione di token di utilità e di investimento, i registri distribuiti (DLT) e i fornitori di servizi blockchain sotto la vigilanza di San Marino Innovation.",Privacy/Digitale,Sanzionatorio
384,"Secondo il Knowledge Graph della normativa sammarinese, come è regolamentato: tecnologia blockchain e asset virtuali Decreto Delegato 86/2019?","Il DD 86/2019 disciplina l'emissione di token di utilità e di investimento, i registri distribuiti (DLT) e i fornitori di servizi blockchain sotto la vigilanza di San Marino Innovation.",Privacy/Digitale,Knowledge Graph
385,Cosa stabilisce l'ordinamento vigente di San Marino in merito a: notifica di violazione dati personali data breach all'Autorita Garante?,"In caso di data breach che presenta rischi per i diritti degli interessati, il titolare deve notificare la violazione all'Autorità Garante Privacy entro 72 ore dal momento in cui ne è venuto a conoscenza.",Privacy/Digitale,Formale
386,Spiegami in parole semplici cosa prevede la legge sammarinese su notifica di violazione dati personali data breach all'Autorita Garante,"In caso di data breach che presenta rischi per i diritti degli interessati, il titolare deve notificare la violazione all'Autorità Garante Privacy entro 72 ore dal momento in cui ne è venuto a conoscenza.",Privacy/Digitale,Colloquiale
387,Normativa RSM su notifica di violazione dati personali data breach all'Autorita Garante: articoli e sanzioni applicabili,"In caso di data breach che presenta rischi per i diritti degli interessati, il titolare deve notificare la violazione all'Autorità Garante Privacy entro 72 ore dal momento in cui ne è venuto a conoscenza.",Privacy/Digitale,Sintetico
388,Quali sono le ultime novità normative e gli aggiornamenti recenti per notifica di violazione dati personali data breach all'Autorita Garante?,"In caso di data breach che presenta rischi per i diritti degli interessati, il titolare deve notificare la violazione all'Autorità Garante Privacy entro 72 ore dal momento in cui ne è venuto a conoscenza.",Privacy/Digitale,Vigenza/Novelle
389,Come deve comportarsi un cittadino o professionista a San Marino relativamente a: notifica di violazione dati personali data breach all'Autorita Garante?,"In caso di data breach che presenta rischi per i diritti degli interessati, il titolare deve notificare la violazione all'Autorità Garante Privacy entro 72 ore dal momento in cui ne è venuto a conoscenza.",Privacy/Digitale,Pratico
390,Quali sono i presupposti giuridici e gli obblighi di legge previsti per notifica di violazione dati personali data breach all'Autorita Garante?,"In caso di data breach che presenta rischi per i diritti degli interessati, il titolare deve notificare la violazione all'Autorità Garante Privacy entro 72 ore dal momento in cui ne è venuto a conoscenza.",Privacy/Digitale,Dottrinale
391,Qual è la disciplina sanzionatoria o di tutela applicabile a: notifica di violazione dati personali data breach all'Autorita Garante?,"In caso di data breach che presenta rischi per i diritti degli interessati, il titolare deve notificare la violazione all'Autorità Garante Privacy entro 72 ore dal momento in cui ne è venuto a conoscenza.",Privacy/Digitale,Sanzionatorio
392,"Secondo il Knowledge Graph della normativa sammarinese, come è regolamentato: notifica di violazione dati personali data breach all'Autorita Garante?","In caso di data breach che presenta rischi per i diritti degli interessati, il titolare deve notificare la violazione all'Autorità Garante Privacy entro 72 ore dal momento in cui ne è venuto a conoscenza.",Privacy/Digitale,Knowledge Graph
393,Cosa stabilisce l'ordinamento vigente di San Marino in merito a: permesso di soggiorno per motivi di lavoro Legge 118/2010?,Il permesso di soggiorno ordinario per lavoro è concesso su richiesta del datore di lavoro previa verifica di indisponibilità di manodopera residente nelle liste di avviamento al lavoro.,Immigrazione/Giustizia,Formale
394,Spiegami in parole semplici cosa prevede la legge sammarinese su permesso di soggiorno per motivi di lavoro Legge 118/2010,Il permesso di soggiorno ordinario per lavoro è concesso su richiesta del datore di lavoro previa verifica di indisponibilità di manodopera residente nelle liste di avviamento al lavoro.,Immigrazione/Giustizia,Colloquiale
395,Normativa RSM su permesso di soggiorno per motivi di lavoro Legge 118/2010: articoli e sanzioni applicabili,Il permesso di soggiorno ordinario per lavoro è concesso su richiesta del datore di lavoro previa verifica di indisponibilità di manodopera residente nelle liste di avviamento al lavoro.,Immigrazione/Giustizia,Sintetico
396,Quali sono le ultime novità normative e gli aggiornamenti recenti per permesso di soggiorno per motivi di lavoro Legge 118/2010?,Il permesso di soggiorno ordinario per lavoro è concesso su richiesta del datore di lavoro previa verifica di indisponibilità di manodopera residente nelle liste di avviamento al lavoro.,Immigrazione/Giustizia,Vigenza/Novelle
397,Come deve comportarsi un cittadino o professionista a San Marino relativamente a: permesso di soggiorno per motivi di lavoro Legge 118/2010?,Il permesso di soggiorno ordinario per lavoro è concesso su richiesta del datore di lavoro previa verifica di indisponibilità di manodopera residente nelle liste di avviamento al lavoro.,Immigrazione/Giustizia,Pratico
398,Quali sono i presupposti giuridici e gli obblighi di legge previsti per permesso di soggiorno per motivi di lavoro Legge 118/2010?,Il permesso di soggiorno ordinario per lavoro è concesso su richiesta del datore di lavoro previa verifica di indisponibilità di manodopera residente nelle liste di avviamento al lavoro.,Immigrazione/Giustizia,Dottrinale
399,Qual è la disciplina sanzionatoria o di tutela applicabile a: permesso di soggiorno per motivi di lavoro Legge 118/2010?,Il permesso di soggiorno ordinario per lavoro è concesso su richiesta del datore di lavoro previa verifica di indisponibilità di manodopera residente nelle liste di avviamento al lavoro.,Immigrazione/Giustizia,Sanzionatorio
400,"Secondo il Knowledge Graph della normativa sammarinese, come è regolamentato: permesso di soggiorno per motivi di lavoro Legge 118/2010?",Il permesso di soggiorno ordinario per lavoro è concesso su richiesta del datore di lavoro previa verifica di indisponibilità di manodopera residente nelle liste di avviamento al lavoro.,Immigrazione/Giustizia,Knowledge Graph
